SOC,Class,Typology,Description,Jobs
11-1011,1,Office,Chief Executives,"206,459"
11-1021,1,Office,General and Operations Managers,"2,362,873"
11-1031,2,Institutional,Legislators,"58,509"
11-2011,1,Office,Advertising and Promotions Managers,"25,564"
11-2021,1,Office,Marketing Managers,"246,253"
11-2022,1,Office,Sales Managers,"384,229"
11-2031,1,Office,Public Relations and Fundraising Managers,"76,904"
11-3011,1,Office,Administrative Services Managers,"293,372"
11-3021,1,Office,Computer and Information Systems Managers,"402,219"
11-3031,1,Office,Financial Managers,"628,301"
11-3051,5,Office,Industrial Production Managers,"181,571"
11-3061,1,Office,Purchasing Managers,"72,537"
11-3071,1,Office,"Transportation, Storage, and Distribution Managers","131,756"
11-3111,1,Office,Compensation and Benefits Managers,"15,000"
11-3121,1,Office,Human Resources Managers,"165,468"
11-3131,1,Office,Training and Development Managers,"47,342"
11-9013,5,Other/Mixed,"Farmers, Ranchers, and Other Agricultural Managers","157,772"
11-9021,5,Industrial,Construction Managers,"295,182"
11-9031,2,Institutional,"Education Administrators, Preschool and Childcare Center/Program","62,794"
11-9032,2,Institutional,"Education Administrators, Elementary and Secondary School","264,150"
11-9033,2,Institutional,"Education Administrators, Postsecondary","140,315"
11-9039,2,Institutional,"Education Administrators, All Other","45,454"
11-9041,1,Office,Architectural and Engineering Managers,"191,775"
11-9051,5,Retail/Services,Food Service Managers,"225,334"
11-9061,5,Retail/Services,Funeral Service Managers,"8,086"
11-9071,4,Retail/Services,Gaming Managers,"5,211"
11-9081,4,Retail/Services,Lodging Managers,"37,791"
11-9111,2,Institutional,Medical and Health Services Managers,"382,027"
11-9121,1,Office,Natural Sciences Managers,"63,407"
11-9131,1,Institutional,Postmasters and Mail Superintendents,"12,905"
11-9141,2,Office,"Property, Real Estate, and Community Association Managers","212,180"
11-9151,1,Office,Social and Community Service Managers,"168,173"
11-9161,2,Office,Emergency Management Directors,"13,114"
11-9199,1,Office,"Managers, All Other","537,090"
13-1011,1,Office,"Agents and Business Managers of Artists, Performers, and Athletes","16,172"
13-1028,2,Office,Buyers and Purchasing Agents,"412,843"
13-1031,2,Office,"Claims Adjusters, Examiners, and Investigators","292,357"
13-1032,2,Office,"Insurance Appraisers, Auto Damage","16,262"
13-1041,1,Office,Compliance Officers,"308,093"
13-1051,1,Office,Cost Estimators,"215,354"
13-1071,1,Office,Human Resources Specialists,"638,834"
13-1074,5,Other/Mixed,Farm Labor Contractors,266
13-1075,1,Office,Labor Relations Specialists,"78,196"
13-1081,1,Office,Logisticians,"243,449"
13-1111,1,Office,Management Analysts,"714,976"
13-1121,2,Office,"Meeting, Convention, and Event Planners","118,116"
13-1131,2,Office,Fundraisers,"110,327"
13-1141,1,Office,"Compensation, Benefits, and Job Analysis Specialists","84,340"
13-1151,1,Office,Training and Development Specialists,"299,814"
13-1161,1,Office,Market Research Analysts and Marketing Specialists,"655,464"
13-1199,1,Office,"Business Operations Specialists, All Other","1,097,528"
13-2011,1,Office,Accountants and Auditors,"1,319,014"
13-2021,2,Office,Appraisers and Assessors of Real Estate,"59,452"
13-2031,1,Office,Budget Analysts,"57,092"
13-2041,1,Office,Credit Analysts,"75,463"
13-2051,1,Office,Financial Analysts,"316,329"
13-2052,1,Office,Personal Financial Advisors,"208,305"
13-2053,1,Office,Insurance Underwriters,"106,076"
13-2061,1,Office,Financial Examiners,"61,852"
13-2071,1,Office,Credit Counselors,"37,050"
13-2072,1,Office,Loan Officers,"304,855"
13-2081,1,Office,"Tax Examiners and Collectors, and Revenue Agents","56,836"
13-2082,1,Office,Tax Preparers,"73,404"
13-2099,1,Office,"Financial Specialists, All Other","132,556"
15-1111,1,Office,Computer and Information Research Scientists,"33,087"
15-1121,1,Office,Computer Systems Analysts,"600,975"
15-1122,1,Office,Information Security Analysts,"113,264"
15-1131,1,Office,Computer Programmers,"233,833"
15-1132,1,Office,"Software Developers, Applications","927,301"
15-1133,1,Office,"Software Developers, Systems Software","417,012"
15-1134,1,Office,Web Developers,"131,965"
15-1141,2,Office,Database Administrators,"111,203"
15-1142,2,Office,Network and Computer Systems Administrators,"372,789"
15-1143,1,Office,Computer Network Architects,"155,476"
15-1151,1,Office,Computer User Support Specialists,"704,802"
15-1152,1,Office,Computer Network Support Specialists,"196,475"
15-1199,1,Office,"Computer Occupations, All Other","409,703"
15-2011,1,Office,Actuaries,"24,804"
15-2021,1,Office,Mathematicians,"3,165"
15-2031,1,Office,Operations Research Analysts,"107,115"
15-2041,1,Office,Statisticians,"42,675"
15-2098,2,Office,Miscellaneous Mathematical Science Occupations,"2,350"
17-1011,2,Office,"Architects, Except Landscape and Naval","107,732"
17-1012,2,Office,Landscape Architects,"19,493"
17-1021,2,Office,Cartographers and Photogrammetrists,"13,084"
17-1022,4,Office,Surveyors,"46,304"
17-2011,2,Other/Mixed,Aerospace Engineers,"69,863"
17-2021,2,Other/Mixed,Agricultural Engineers,"2,001"
17-2031,2,Lab,Biomedical Engineers,"20,437"
17-2041,2,Lab,Chemical Engineers,"33,526"
17-2051,2,Office,Civil Engineers,"315,231"
17-2061,2,Office,Computer Hardware Engineers,"63,618"
17-2071,2,Industrial,Electrical Engineers,"189,355"
17-2072,2,Industrial,"Electronics Engineers, Except Computer","138,895"
17-2081,2,Lab,Environmental Engineers,"54,629"
17-2111,2,Industrial,"Health and Safety Engineers, Except Mining Safety Engineers and Inspectors","25,986"
17-2112,2,Industrial,Industrial Engineers,"281,680"
17-2121,2,Industrial,Marine Engineers and Naval Architects,"14,235"
17-2131,2,Lab,Materials Engineers,"27,920"
17-2141,2,Industrial,Mechanical Engineers,"308,078"
17-2151,2,Industrial,"Mining and Geological Engineers, Including Mining Safety Engineers","6,455"
17-2161,2,Lab,Nuclear Engineers,"19,418"
17-2171,2,Industrial,Petroleum Engineers,"37,478"
17-2199,2,Industrial,"Engineers, All Other","154,606"
17-3011,1,Office,Architectural and Civil Drafters,"98,627"
17-3012,1,Industrial,Electrical and Electronics Drafters,"25,658"
17-3013,1,Industrial,Mechanical Drafters,"56,479"
17-3019,1,Industrial,"Drafters, All Other","14,754"
17-3021,5,Industrial,Aerospace Engineering and Operations Technicians,"11,511"
17-3022,5,Industrial,Civil Engineering Technicians,"75,392"
17-3023,5,Industrial,Electrical and Electronics Engineering Technicians,"131,902"
17-3024,5,Industrial,Electro-Mechanical Technicians,"14,722"
17-3025,5,Industrial,Environmental Engineering Technicians,"18,297"
17-3026,5,Industrial,Industrial Engineering Technicians,"68,496"
17-3027,5,Industrial,Mechanical Engineering Technicians,"42,637"
17-3029,5,Industrial,"Engineering Technicians, Except Drafters, All Other","88,363"
17-3031,5,Office,Surveying and Mapping Technicians,"54,190"
19-1011,2,Lab,Animal Scientists,"3,125"
19-1012,2,Lab,Food Scientists and Technologists,"14,407"
19-1013,2,Lab,Soil and Plant Scientists,"16,689"
19-1021,2,Lab,Biochemists and Biophysicists,"30,132"
19-1022,2,Lab,Microbiologists,"21,146"
19-1023,2,Lab,Zoologists and Wildlife Biologists,"19,594"
19-1029,2,Lab,"Biological Scientists, All Other","45,348"
19-1031,2,Lab,Conservation Scientists,"24,092"
19-1032,5,Other/Mixed,Foresters,"9,765"
19-1041,2,Lab,Epidemiologists,"7,855"
19-1042,2,Lab,"Medical Scientists, Except Epidemiologists","126,089"
19-1099,2,Lab,"Life Scientists, All Other","7,640"
19-2011,2,Lab,Astronomers,"3,080"
19-2012,2,Lab,Physicists,"19,284"
19-2021,2,Lab,Atmospheric and Space Scientists,"13,045"
19-2031,2,Lab,Chemists,"85,763"
19-2032,2,Lab,Materials Scientists,"8,177"
19-2041,2,Lab,"Environmental Scientists and Specialists, Including Health","82,779"
19-2042,2,Lab,"Geoscientists, Except Hydrologists and Geographers","30,710"
19-2043,2,Lab,Hydrologists,"7,102"
19-2099,2,Lab,"Physical Scientists, All Other","19,876"
19-3011,1,Office,Economists,"20,854"
19-3022,2,Office,Survey Researchers,"12,529"
19-3031,2,Institutional,"Clinical, Counseling, and School Psychologists","112,962"
19-3032,2,Institutional,Industrial-Organizational Psychologists,"1,036"
19-3039,2,Office,"Psychologists, All Other","20,016"
19-3041,2,Office,Sociologists,"3,092"
19-3051,2,Office,Urban and Regional Planners,"38,238"
19-3091,2,Lab,Anthropologists and Archaeologists,"6,976"
19-3092,2,Office,Geographers,"1,773"
19-3093,1,Office,Historians,"3,686"
19-3094,1,Office,Political Scientists,"7,564"
19-3099,1,Office,"Social Scientists and Related Workers, All Other","38,957"
19-4011,5,Lab,Agricultural and Food Science Technicians,"26,202"
19-4021,5,Lab,Biological Technicians,"80,227"
19-4031,5,Lab,Chemical Technicians,"65,640"
19-4041,5,Lab,Geological and Petroleum Technicians,"16,783"
19-4051,5,Lab,Nuclear Technicians,"8,006"
19-4061,2,Office,Social Science Research Assistants,"36,775"
19-4091,5,Lab,"Environmental Science and Protection Technicians, Including Health","33,747"
19-4092,5,Lab,Forensic Science Technicians,"17,835"
19-4093,5,Other/Mixed,Forest and Conservation Technicians,"34,383"
19-4099,5,Lab,"Life, Physical, and Social Science Technicians, All Other","66,050"
21-1012,2,Institutional,"Educational, Guidance, School, and Vocational Counselors","287,489"
21-1013,2,Office,Marriage and Family Therapists,"55,020"
21-1015,2,Office,Rehabilitation Counselors,"109,830"
21-1018,2,Office,"Substance Abuse, Behavioral Disorder, and Mental Health Counselors","281,903"
21-1019,2,Office,"Counselors, All Other","34,512"
21-1021,2,Office,"Child, Family, and School Social Workers","326,265"
21-1022,2,Office,Healthcare Social Workers,"172,183"
21-1023,2,Office,Mental Health and Substance Abuse Social Workers,"120,578"
21-1029,2,Office,"Social Workers, All Other","77,422"
21-1091,2,Institutional,Health Educators,"60,049"
21-1092,2,Institutional,Probation Officers and Correctional Treatment Specialists,"87,767"
21-1093,2,Institutional,Social and Human Service Assistants,"415,460"
21-1094,2,Institutional,Community Health Workers,"61,065"
21-1099,2,Institutional,"Community and Social Service Specialists, All Other","106,503"
21-2011,2,Institutional,Clergy,"235,980"
21-2021,2,Institutional,"Directors, Religious Activities and Education","155,296"
21-2099,2,Institutional,"Religious Workers, All Other","60,134"
23-1011,2,Office,Lawyers,"670,499"
23-1012,2,Institutional,Judicial Law Clerks,"17,655"
23-1021,2,Institutional,"Administrative Law Judges, Adjudicators, and Hearing Officers","15,524"
23-1022,2,Office,"Arbitrators, Mediators, and Conciliators","6,614"
23-1023,2,Institutional,"Judges, Magistrate Judges, and Magistrates","29,661"
23-2011,1,Office,Paralegals and Legal Assistants,"314,472"
23-2091,6,Institutional,Court Reporters,"15,715"
23-2093,1,Office,"Title Examiners, Abstractors, and Searchers","53,841"
23-2099,1,Office,"Legal Support Workers, All Other","47,415"
25-1099,2,Institutional,Postsecondary Teachers,"1,482,634"
25-2011,2,Institutional,"Preschool Teachers, Except Special Education","511,887"
25-2012,2,Institutional,"Kindergarten Teachers, Except Special Education","132,695"
25-2021,2,Institutional,"Elementary School Teachers, Except Special Education","1,400,787"
25-2022,2,Institutional,"Middle School Teachers, Except Special and Career/Technical Education","601,151"
25-2023,2,Institutional,"Career/Technical Education Teachers, Middle School","12,920"
25-2031,2,Institutional,"Secondary School Teachers, Except Special and Career/Technical Education","1,046,405"
25-2032,2,Institutional,"Career/Technical Education Teachers, Secondary School","75,500"
25-2051,2,Institutional,"Special Education Teachers, Preschool","26,494"
25-2052,2,Institutional,"Special Education Teachers, Kindergarten and Elementary School","178,698"
25-2053,2,Institutional,"Special Education Teachers, Middle School","84,953"
25-2054,2,Institutional,"Special Education Teachers, Secondary School","138,242"
25-2059,2,Institutional,"Special Education Teachers, All Other","41,826"
25-3011,2,Institutional,Adult Basic and Secondary Education and Literacy Teachers and Instructors,"63,768"
25-3021,2,Institutional,Self-Enrichment Education Teachers,"300,063"
25-3097,2,Institutional,"Teachers and Instructors, All Other","347,389"
25-3098,2,Institutional,Substitute Teachers,"581,202"
25-4011,2,Institutional,Archivists,"7,399"
25-4012,2,Institutional,Curators,"12,758"
25-4013,2,Institutional,Museum Technicians and Conservators,"14,477"
25-4021,2,Institutional,Librarians,"124,407"
25-4031,2,Institutional,Library Technicians,"115,540"
25-9011,2,Institutional,Audio-Visual and Multimedia Collections Specialists,"10,433"
25-9021,1,Office,Farm and Home Management Advisors,"9,770"
25-9031,2,Institutional,Instructional Coordinators,"165,032"
25-9041,2,Institutional,Teacher Assistants,"1,387,251"
25-9099,2,Institutional,"Education, Training, and Library Workers, All Other","110,376"
27-1011,1,Office,Art Directors,"44,702"
27-1012,1,Industrial,Craft Artists,"5,755"
27-1013,1,Industrial,"Fine Artists, Including Painters, Sculptors, and Illustrators","14,787"
27-1014,1,Office,Multimedia Artists and Animators,"30,462"
27-1019,1,Office,"Artists and Related Workers, All Other","7,731"
27-1021,2,Office,Commercial and Industrial Designers,"34,785"
27-1022,2,Office,Fashion Designers,"21,562"
27-1023,2,Office,Floral Designers,"42,765"
27-1024,1,Office,Graphic Designers,"224,314"
27-1025,2,Office,Interior Designers,"61,325"
27-1026,4,Retail/Services,Merchandise Displayers and Window Trimmers,"129,316"
27-1027,2,Office,Set and Exhibit Designers,"12,985"
27-1029,1,Office,"Designers, All Other","11,726"
27-2011,2,Other/Mixed,Actors,"49,959"
27-2012,2,Other/Mixed,Producers and Directors,"123,150"
27-2021,4,Other/Mixed,Athletes and Sports Competitors,"11,811"
27-2022,4,Other/Mixed,Coaches and Scouts,"242,706"
27-2023,4,Other/Mixed,"Umpires, Referees, and Other Sports Officials","21,584"
27-2031,4,Other/Mixed,Dancers,"10,613"
27-2032,4,Other/Mixed,Choreographers,"5,438"
27-2041,2,Other/Mixed,Music Directors and Composers,"48,429"
27-2042,2,Other/Mixed,Musicians and Singers,"126,897"
27-2099,4,Other/Mixed,"Entertainers and Performers, Sports and Related Workers, All Other","19,482"
27-3011,2,Industrial,Radio and Television Announcers,"27,407"
27-3012,2,Industrial,Public Address System and Other Announcers,"8,705"
27-3021,1,Office,Broadcast News Analysts,"5,980"
27-3022,2,Industrial,Reporters and Correspondents,"37,210"
27-3031,1,Office,Public Relations Specialists,"249,774"
27-3041,1,Office,Editors,"101,912"
27-3042,1,Office,Technical Writers,"50,264"
27-3043,1,Office,Writers and Authors,"56,802"
27-3091,1,Office,Interpreters and Translators,"65,704"
27-3099,1,Office,"Media and Communication Workers, All Other","28,675"
27-4011,2,Industrial,Audio and Video Equipment Technicians,"95,020"
27-4012,2,Industrial,Broadcast Technicians,"33,691"
27-4013,2,Industrial,Radio Operators,"1,309"
27-4014,2,Industrial,Sound Engineering Technicians,"15,871"
27-4021,2,Industrial,Photographers,"55,689"
27-4031,2,Industrial,"Camera Operators, Television, Video, and Motion Picture","21,529"
27-4032,1,Office,Film and Video Editors,"28,982"
27-4099,4,Industrial,"Media and Communication Equipment Workers, All Other","24,888"
29-1011,4,Institutional,Chiropractors,"36,377"
29-1021,5,Institutional,"Dentists, General","117,425"
29-1022,5,Institutional,Oral and Maxillofacial Surgeons,"5,233"
29-1023,5,Institutional,Orthodontists,"5,896"
29-1024,5,Institutional,Prosthodontists,538
29-1029,5,Institutional,"Dentists, All Other Specialists","5,746"
29-1031,2,Institutional,Dietitians and Nutritionists,"66,119"
29-1041,5,Institutional,Optometrists,"38,782"
29-1051,5,Institutional,Pharmacists,"308,807"
29-1061,5,Institutional,Anesthesiologists,"31,831"
29-1062,2,Institutional,Family and General Practitioners,"117,598"
29-1063,2,Institutional,"Internists, General","40,670"
29-1064,2,Institutional,Obstetricians and Gynecologists,"19,385"
29-1065,2,Institutional,"Pediatricians, General","29,951"
29-1066,2,Institutional,Psychiatrists,"27,768"
29-1067,5,Institutional,Surgeons,"36,107"
29-1069,5,Institutional,"Physicians and Surgeons, All Other","403,189"
29-1071,5,Institutional,Physician Assistants,"116,728"
29-1081,5,Institutional,Podiatrists,"10,055"
29-1122,2,Institutional,Occupational Therapists,"128,754"
29-1123,5,Institutional,Physical Therapists,"231,860"
29-1124,5,Institutional,Radiation Therapists,"19,182"
29-1125,5,Institutional,Recreational Therapists,"20,010"
29-1126,5,Institutional,Respiratory Therapists,"130,297"
29-1127,2,Institutional,Speech-Language Pathologists,"146,965"
29-1128,2,Institutional,Exercise Physiologists,"7,806"
29-1129,2,Institutional,"Therapists, All Other","17,041"
29-1131,2,Institutional,Veterinarians,"72,502"
29-1141,5,Institutional,Registered Nurses,"2,984,406"
29-1151,5,Institutional,Nurse Anesthetists,"44,943"
29-1161,5,Institutional,Nurse Midwives,"6,851"
29-1171,5,Institutional,Nurse Practitioners,"181,204"
29-1181,5,Institutional,Audiologists,"14,001"
29-1199,2,Institutional,"Health Diagnosing and Treating Practitioners, All Other","41,686"
29-2018,5,Institutional,Clinical Laboratory Technologists and Technicians,"328,831"
29-2021,5,Institutional,Dental Hygienists,"216,354"
29-2031,5,Institutional,Cardiovascular Technologists and Technicians,"57,269"
29-2032,5,Institutional,Diagnostic Medical Sonographers,"71,702"
29-2033,5,Institutional,Nuclear Medicine Technologists,"19,538"
29-2034,5,Institutional,Radiologic Technologists,"207,094"
29-2035,5,Institutional,Magnetic Resonance Imaging Technologists,"39,414"
29-2041,5,Institutional,Emergency Medical Technicians and Paramedics,"267,937"
29-2051,5,Institutional,Dietetic Technicians,"38,214"
29-2052,5,Institutional,Pharmacy Technicians,"419,153"
29-2053,5,Institutional,Psychiatric Technicians,"79,596"
29-2054,5,Institutional,Respiratory Therapy Technicians,"10,298"
29-2055,5,Institutional,Surgical Technologists,"112,082"
29-2056,5,Institutional,Veterinary Technologists and Technicians,"108,546"
29-2057,5,Institutional,Ophthalmic Medical Technicians,"55,431"
29-2061,5,Institutional,Licensed Practical and Licensed Vocational Nurses,"724,012"
29-2071,2,Institutional,Medical Records and Health Information Technicians,"215,623"
29-2081,1,Institutional,"Opticians, Dispensing","72,448"
29-2091,5,Institutional,Orthotists and Prosthetists,"9,689"
29-2092,2,Institutional,Hearing Aid Specialists,"8,550"
29-2099,2,Institutional,"Health Technologists and Technicians, All Other","131,152"
29-9011,5,Institutional,Occupational Health and Safety Specialists,"88,511"
29-9012,5,Institutional,Occupational Health and Safety Technicians,"18,290"
29-9091,2,Retail/Services,Athletic Trainers,"28,266"
29-9092,2,Office,Genetic Counselors,"3,021"
29-9099,5,Institutional,"Healthcare Practitioners and Technical Workers, All Other","36,042"
31-1011,5,Other/Mixed,Home Health Aides,"814,599"
31-1013,5,Institutional,Psychiatric Aides,"62,286"
31-1014,5,Institutional,Nursing Assistants,"1,476,214"
31-1015,5,Institutional,Orderlies,"53,379"
31-2011,2,Institutional,Occupational Therapy Assistants,"43,826"
31-2012,2,Institutional,Occupational Therapy Aides,"8,606"
31-2021,2,Institutional,Physical Therapist Assistants,"95,101"
31-2022,2,Institutional,Physical Therapist Aides,"49,031"
31-9011,5,Institutional,Massage Therapists,"110,180"
31-9091,5,Institutional,Dental Assistants,"350,847"
31-9092,5,Institutional,Medical Assistants,"703,943"
31-9093,5,Institutional,Medical Equipment Preparers,"57,740"
31-9094,1,Office,Medical Transcriptionists,"55,051"
31-9095,5,Institutional,Pharmacy Aides,"37,669"
31-9096,5,Institutional,Veterinary Assistants and Laboratory Animal Caretakers,"97,319"
31-9097,5,Institutional,Phlebotomists,"127,312"
31-9099,5,Institutional,"Healthcare Support Workers, All Other","94,484"
33-1011,5,Institutional,First-Line Supervisors of Correctional Officers,"44,293"
33-1012,5,Institutional,First-Line Supervisors of Police and Detectives,"123,243"
33-1021,5,Institutional,First-Line Supervisors of Fire Fighting and Prevention Workers,"65,842"
33-1099,5,Institutional,"First-Line Supervisors of Protective Service Workers, All Other","80,509"
33-2011,5,Institutional,Firefighters,"327,256"
33-2021,5,Institutional,Fire Inspectors and Investigators,"13,355"
33-2022,5,Institutional,Forest Fire Inspectors and Prevention Specialists,"3,073"
33-3011,5,Institutional,Bailiffs,"21,061"
33-3012,5,Institutional,Correctional Officers and Jailers,"417,194"
33-3021,2,Institutional,Detectives and Criminal Investigators,"109,806"
33-3031,2,Institutional,Fish and Game Wardens,"6,416"
33-3041,6,Retail/Services,Parking Enforcement Workers,"10,820"
33-3051,5,Institutional,Police and Sheriff's Patrol Officers,"734,813"
33-3052,5,Institutional,Transit and Railroad Police,"6,160"
33-9011,5,Institutional,Animal Control Workers,"12,191"
33-9021,2,Office,Private Detectives and Investigators,"33,480"
33-9031,2,Institutional,Gaming Surveillance Officers and Gaming Investigators,"11,922"
33-9032,5,Other/Mixed,Security Guards,"1,178,092"
33-9091,5,Other/Mixed,Crossing Guards,"82,264"
33-9092,4,Institutional,"Lifeguards, Ski Patrol, and Other Recreational Protective Service Workers","156,617"
33-9093,5,Institutional,Transportation Security Screeners,"51,335"
33-9099,5,Other/Mixed,"Protective Service Workers, All Other","143,672"
35-1011,5,Retail/Services,Chefs and Head Cooks,"133,691"
35-1012,5,Retail/Services,First-Line Supervisors of Food Preparation and Serving Workers,"966,050"
35-2011,6,Retail/Services,"Cooks, Fast Food","491,806"
35-2012,6,Retail/Services,"Cooks, Institution and Cafeteria","428,778"
35-2013,4,Retail/Services,"Cooks, Private Household","1,938"
35-2014,5,Retail/Services,"Cooks, Restaurant","1,351,836"
35-2015,5,Retail/Services,"Cooks, Short Order","161,190"
35-2019,5,Retail/Services,"Cooks, All Other","23,733"
35-2021,5,Retail/Services,Food Preparation Workers,"829,574"
35-3011,4,Retail/Services,Bartenders,"634,176"
35-3021,5,Retail/Services,"Combined Food Preparation and Serving Workers, Including Fast Food","3,695,630"
35-3022,6,Retail/Services,"Counter Attendants, Cafeteria, Food Concession, and Coffee Shop","482,854"
35-3031,4,Retail/Services,Waiters and Waitresses,"2,591,540"
35-3041,6,Retail/Services,"Food Servers, Nonrestaurant","271,962"
35-9011,5,Retail/Services,Dining Room and Cafeteria Attendants and Bartender Helpers,"464,911"
35-9021,6,Retail/Services,Dishwashers,"509,262"
35-9031,4,Retail/Services,"Hosts and Hostesses, Restaurant, Lounge, and Coffee Shop","417,262"
35-9099,5,Retail/Services,"Food Preparation and Serving Related Workers, All Other","63,015"
37-1011,5,Other/Mixed,First-Line Supervisors of Housekeeping and Janitorial Workers,"157,755"
37-1012,4,Other/Mixed,"First-Line Supervisors of Landscaping, Lawn Service, and Groundskeeping Workers","100,428"
37-2011,5,Other/Mixed,"Janitors and Cleaners, Except Maids and Housekeeping Cleaners","2,410,808"
37-2012,4,Other/Mixed,Maids and Housekeeping Cleaners,"1,072,572"
37-2019,5,Other/Mixed,"Building Cleaning Workers, All Other","15,336"
37-2021,4,Industrial,Pest Control Workers,"78,342"
37-3011,4,Industrial,Landscaping and Groundskeeping Workers,"954,824"
37-3012,4,Industrial,"Pesticide Handlers, Sprayers, and Applicators, Vegetation","26,241"
37-3013,4,Industrial,Tree Trimmers and Pruners,"43,370"
37-3019,4,Industrial,"Grounds Maintenance Workers, All Other","16,990"
39-1018,4,Retail/Services,First-Line Supervisors of Gaming Workers,"32,590"
39-1021,4,Retail/Services,First-Line Supervisors of Personal Service Workers,"233,929"
39-2011,4,Other/Mixed,Animal Trainers,"20,208"
39-2021,4,Other/Mixed,Nonfarm Animal Caretakers,"212,992"
39-3011,4,Retail/Services,Gaming Dealers,"99,171"
39-3012,4,Retail/Services,Gaming and Sports Book Writers and Runners,"12,875"
39-3019,4,Retail/Services,"Gaming Service Workers, All Other","11,119"
39-3021,6,Other/Mixed,Motion Picture Projectionists,"5,021"
39-3031,6,Retail/Services,"Ushers, Lobby Attendants, and Ticket Takers","143,967"
39-3091,6,Retail/Services,Amusement and Recreation Attendants,"337,409"
39-3092,4,Retail/Services,Costume Attendants,"7,355"
39-3093,4,Retail/Services,"Locker Room, Coatroom, and Dressing Room Attendants","19,814"
39-3099,4,Retail/Services,"Entertainment Attendants and Related Workers, All Other","6,046"
39-4011,5,Retail/Services,Embalmers,"4,299"
39-4021,5,Retail/Services,Funeral Attendants,"34,898"
39-4031,5,Retail/Services,"Morticians, Undertakers, and Funeral Directors","25,547"
39-5011,4,Retail/Services,Barbers,"24,161"
39-5012,4,Retail/Services,"Hairdressers, Hairstylists, and Cosmetologists","387,262"
39-5091,4,Retail/Services,"Makeup Artists, Theatrical and Performance","3,272"
39-5092,4,Retail/Services,Manicurists and Pedicurists,"114,093"
39-5093,4,Retail/Services,Shampooers,"14,512"
39-5094,4,Retail/Services,Skincare Specialists,"53,429"
39-6011,4,Retail/Services,Baggage Porters and Bellhops,"44,463"
39-6012,2,Retail/Services,Concierges,"40,726"
39-7018,4,Retail/Services,Tour and Travel Guides,"53,546"
39-9011,4,Other/Mixed,Childcare Workers,"778,289"
39-9021,4,Other/Mixed,Personal Care Aides,"2,333,315"
39-9031,2,Retail/Services,Fitness Trainers and Aerobics Instructors,"326,177"
39-9032,4,Institutional,Recreation Workers,"371,946"
39-9041,1,Office,Residential Advisors,"135,191"
39-9099,4,Other/Mixed,"Personal Care and Service Workers, All Other","74,657"
41-1011,4,Retail/Services,First-Line Supervisors of Retail Sales Workers,"1,177,982"
41-1012,4,Retail/Services,First-Line Supervisors of Non-Retail Sales Workers,"252,205"
41-2011,6,Retail/Services,Cashiers,"3,619,945"
41-2012,6,Retail/Services,Gaming Change Persons and Booth Cashiers,"25,763"
41-2021,6,Retail/Services,Counter and Rental Clerks,"431,047"
41-2022,2,Retail/Services,Parts Salespersons,"255,249"
41-2031,2,Retail/Services,Retail Salespersons,"4,386,854"
41-3011,1,Office,Advertising Sales Agents,"149,502"
41-3021,1,Office,Insurance Sales Agents,"757,178"
41-3031,1,Office,"Securities, Commodities, and Financial Services Sales Agents","430,120"
41-3041,1,Office,Travel Agents,"71,393"
41-3099,1,Office,"Sales Representatives, Services, All Other","1,124,696"
41-4011,2,Office,"Sales Representatives, Wholesale and Manufacturing, Technical and Scientific Products","332,379"
41-4012,2,Office,"Sales Representatives, Wholesale and Manufacturing, Except Technical and Scientific Products","1,381,679"
41-9011,4,Retail/Services,Demonstrators and Product Promoters,"92,510"
41-9012,2,Other/Mixed,Models,"5,393"
41-9021,2,Office,Real Estate Brokers,"56,458"
41-9022,2,Office,Real Estate Sales Agents,"209,802"
41-9031,1,Office,Sales Engineers,"72,041"
41-9041,1,Office,Telemarketers,"174,646"
41-9091,4,Retail/Services,"Door-to-Door Sales Workers, News and Street Vendors, and Related Workers","13,067"
41-9099,1,Office,"Sales and Related Workers, All Other","101,376"
43-1011,1,Retail/Services,First-Line Supervisors of Office and Administrative Support Workers,"1,514,747"
43-2011,1,Office,"Switchboard Operators, Including Answering Service","73,178"
43-2021,1,Office,Telephone Operators,"5,925"
43-2099,1,Office,"Communications Equipment Operators, All Other","10,302"
43-3011,1,Office,Bill and Account Collectors,"253,793"
43-3021,1,Institutional,Billing and Posting Clerks,"480,574"
43-3031,1,Office,"Bookkeeping, Accounting, and Auditing Clerks","1,656,015"
43-3041,4,Retail/Services,Gaming Cage Workers,"18,524"
43-3051,1,Office,Payroll and Timekeeping Clerks,"149,095"
43-3061,1,Office,Procurement Clerks,"68,941"
43-3071,4,Retail/Services,Tellers,"466,230"
43-3099,1,Office,"Financial Clerks, All Other","35,531"
43-4011,1,Office,Brokerage Clerks,"56,089"
43-4021,1,Office,Correspondence Clerks,"5,410"
43-4031,6,Institutional,"Court, Municipal, and License Clerks","142,247"
43-4041,1,Office,"Credit Authorizers, Checkers, and Clerks","30,198"
43-4051,1,Office,Customer Service Representatives,"2,906,158"
43-4061,2,Institutional,"Eligibility Interviewers, Government Programs","140,814"
43-4071,6,Office,File Clerks,"120,254"
43-4081,4,Retail/Services,"Hotel, Motel, and Resort Desk Clerks","260,605"
43-4111,1,Office,"Interviewers, Except Eligibility and Loan","222,218"
43-4121,2,Institutional,"Library Assistants, Clerical","110,436"
43-4131,2,Office,Loan Interviewers and Clerks,"222,423"
43-4141,1,Office,New Accounts Clerks,"41,211"
43-4151,1,Office,Order Clerks,"161,821"
43-4161,1,Office,"Human Resources Assistants, Except Payroll and Timekeeping","134,780"
43-4171,6,Office,Receptionists and Information Clerks,"1,096,734"
43-4181,6,Office,Reservation and Transportation Ticket Agents and Travel Clerks,"136,854"
43-4199,1,Office,"Information and Record Clerks, All Other","176,612"
43-5011,2,Office,Cargo and Freight Agents,"95,837"
43-5021,5,Retail/Services,Couriers and Messengers,"81,477"
43-5031,2,Institutional,"Police, Fire, and Ambulance Dispatchers","98,346"
43-5032,2,Institutional,"Dispatchers, Except Police, Fire, and Ambulance","202,422"
43-5041,6,Industrial,"Meter Readers, Utilities","35,082"
43-5051,5,Institutional,Postal Service Clerks,"74,381"
43-5052,5,Institutional,Postal Service Mail Carriers,"324,899"
43-5053,5,Institutional,"Postal Service Mail Sorters, Processors, and Processing Machine Operators","99,340"
43-5061,1,Industrial,"Production, Planning, and Expediting Clerks","363,054"
43-5071,1,Institutional,"Shipping, Receiving, and Traffic Clerks","665,605"
43-5081,6,Retail/Services,Stock Clerks and Order Fillers,"2,064,607"
43-5111,1,Industrial,"Weighers, Measurers, Checkers, and Samplers, Recordkeeping","67,747"
43-6011,1,Office,Executive Secretaries and Executive Administrative Assistants,"592,608"
43-6012,1,Office,Legal Secretaries,"179,051"
43-6013,1,Office,Medical Secretaries,"604,849"
43-6014,1,Office,"Secretaries and Administrative Assistants, Except Legal, Medical, and Executive","2,563,497"
43-9011,2,Office,Computer Operators,"36,594"
43-9021,6,Office,Data Entry Keyers,"182,176"
43-9022,1,Office,Word Processors and Typists,"67,363"
43-9031,1,Office,Desktop Publishers,"10,864"
43-9041,1,Office,Insurance Claims and Policy Processing Clerks,"274,620"
43-9051,5,Institutional,"Mail Clerks and Mail Machine Operators, Except Postal Service","94,957"
43-9061,6,Office,"Office Clerks, General","3,401,516"
43-9071,6,Office,"Office Machine Operators, Except Computer","50,817"
43-9081,1,Office,Proofreaders and Copy Markers,"10,385"
43-9111,1,Office,Statistical Assistants,"12,059"
43-9199,1,Office,"Office and Administrative Support Workers, All Other","258,571"
45-1011,5,Other/Mixed,"First-Line Supervisors of Farming, Fishing, and Forestry Workers","57,655"
45-2011,5,Other/Mixed,Agricultural Inspectors,"15,233"
45-2021,5,Other/Mixed,Animal Breeders,"3,610"
45-2041,4,Other/Mixed,"Graders and Sorters, Agricultural Products","57,165"
45-2091,5,Other/Mixed,Agricultural Equipment Operators,"69,959"
45-2092,5,Other/Mixed,"Farmworkers and Laborers, Crop, Nursery, and Greenhouse","648,473"
45-2093,5,Other/Mixed,"Farmworkers, Farm, Ranch, and Aquacultural Animals","149,726"
45-2099,5,Other/Mixed,"Agricultural Workers, All Other","71,321"
45-3011,5,Other/Mixed,Fishers and Related Fishing Workers,"6,390"
45-3021,5,Other/Mixed,Hunters and Trappers,"2,362"
45-4011,5,Other/Mixed,Forest and Conservation Workers,"16,224"
45-4021,4,Other/Mixed,Fallers,"4,960"
45-4022,5,Industrial,Logging Equipment Operators,"25,933"
45-4023,5,Industrial,Log Graders and Scalers,"3,685"
45-4029,5,Industrial,"Logging Workers, All Other","4,096"
47-1011,5,Industrial,First-Line Supervisors of Construction Trades and Extraction Workers,"621,701"
47-2011,5,Industrial,Boilermakers,"15,512"
47-2021,5,Industrial,Brickmasons and Blockmasons,"64,943"
47-2022,5,Industrial,Stonemasons,"13,462"
47-2031,5,Industrial,Carpenters,"762,100"
47-2041,5,Industrial,Carpet Installers,"27,857"
47-2042,5,Industrial,"Floor Layers, Except Carpet, Wood, and Hard Tiles","15,003"
47-2043,5,Industrial,Floor Sanders and Finishers,"4,886"
47-2044,5,Industrial,Tile and Marble Setters,"42,060"
47-2051,5,Industrial,Cement Masons and Concrete Finishers,"191,146"
47-2053,5,Industrial,Terrazzo Workers and Finishers,"2,942"
47-2061,5,Industrial,Construction Laborers,"1,050,930"
47-2071,5,Industrial,"Paving, Surfacing, and Tamping Equipment Operators","48,803"
47-2072,5,Industrial,Pile-Driver Operators,"3,739"
47-2073,5,Industrial,Operating Engineers and Other Construction Equipment Operators,"394,251"
47-2081,5,Industrial,Drywall and Ceiling Tile Installers,"108,166"
47-2082,5,Industrial,Tapers,"20,043"
47-2111,5,Industrial,Electricians,"689,200"
47-2121,5,Industrial,Glaziers,"53,109"
47-2131,5,Industrial,"Insulation Workers, Floor, Ceiling, and Wall","33,509"
47-2132,5,Industrial,"Insulation Workers, Mechanical","26,295"
47-2141,5,Industrial,"Painters, Construction and Maintenance","249,325"
47-2142,5,Industrial,Paperhangers,"3,368"
47-2151,5,Industrial,Pipelayers,"42,041"
47-2152,5,Industrial,"Plumbers, Pipefitters, and Steamfitters","456,355"
47-2161,5,Industrial,Plasterers and Stucco Masons,"27,220"
47-2171,5,Industrial,Reinforcing Iron and Rebar Workers,"19,983"
47-2181,5,Industrial,Roofers,"132,897"
47-2211,5,Industrial,Sheet Metal Workers,"136,847"
47-2221,5,Industrial,Structural Iron and Steel Workers,"80,750"
47-2231,5,Industrial,Solar Photovoltaic Installers,"12,080"
47-3011,5,Industrial,"Helpers--Brickmasons, Blockmasons, Stonemasons, and Tile and Marble Setters","25,041"
47-3012,5,Industrial,Helpers--Carpenters,"35,053"
47-3013,5,Industrial,Helpers--Electricians,"79,195"
47-3014,5,Industrial,"Helpers--Painters, Paperhangers, Plasterers, and Stucco Masons","11,494"
47-3015,5,Industrial,"Helpers--Pipelayers, Plumbers, Pipefitters, and Steamfitters","57,591"
47-3016,5,Industrial,Helpers--Roofers,"9,203"
47-3019,5,Industrial,"Helpers, Construction Trades, All Other","29,099"
47-4011,2,Industrial,Construction and Building Inspectors,"105,421"
47-4021,5,Industrial,Elevator Installers and Repairers,"28,008"
47-4031,5,Industrial,Fence Erectors,"24,610"
47-4041,5,Industrial,Hazardous Materials Removal Workers,"47,018"
47-4051,5,Industrial,Highway Maintenance Workers,"148,151"
47-4061,5,Industrial,Rail-Track Laying and Maintenance Equipment Operators,"16,042"
47-4071,5,Industrial,Septic Tank Servicers and Sewer Pipe Cleaners,"31,102"
47-4098,5,Industrial,Miscellaneous Construction and Related Workers,"37,500"
47-5011,5,Industrial,"Derrick Operators, Oil and Gas","11,914"
47-5012,5,Industrial,"Rotary Drill Operators, Oil and Gas","18,642"
47-5013,5,Industrial,"Service Unit Operators, Oil, Gas, and Mining","53,157"
47-5021,5,Industrial,"Earth Drillers, Except Oil and Gas","19,408"
47-5031,5,Industrial,"Explosives Workers, Ordnance Handling Experts, and Blasters","23,471"
47-5041,5,Industrial,Continuous Mining Machine Operators,"14,877"
47-5042,5,Industrial,Mine Cutting and Channeling Machine Operators,"5,132"
47-5049,5,Industrial,"Mining Machine Operators, All Other","3,470"
47-5051,5,Industrial,"Rock Splitters, Quarry","5,111"
47-5061,5,Industrial,"Roof Bolters, Mining","3,248"
47-5071,5,Industrial,"Roustabouts, Oil and Gas","58,720"
47-5081,5,Industrial,Helpers--Extraction Workers,"16,913"
47-5099,5,Industrial,"Extraction Workers, All Other","6,568"
49-1011,5,Industrial,"First-Line Supervisors of Mechanics, Installers, and Repairers","493,232"
49-2011,5,Industrial,"Computer, Automated Teller, and Office Machine Repairers","107,943"
49-2021,5,Industrial,"Radio, Cellular, and Tower Equipment Installers and Repairs","16,732"
49-2022,5,Industrial,"Telecommunications Equipment Installers and Repairers, Except Line Installers","236,667"
49-2091,5,Industrial,Avionics Technicians,"33,892"
49-2092,5,Industrial,"Electric Motor, Power Tool, and Related Repairers","21,362"
49-2093,5,Industrial,"Electrical and Electronics Installers and Repairers, Transportation Equipment","13,967"
49-2094,5,Industrial,"Electrical and Electronics Repairers, Commercial and Industrial Equipment","69,766"
49-2095,5,Industrial,"Electrical and Electronics Repairers, Powerhouse, Substation, and Relay","26,108"
49-2096,5,Industrial,"Electronic Equipment Installers and Repairers, Motor Vehicles","12,131"
49-2097,5,Industrial,Electronic Home Entertainment Equipment Installers and Repairers,"28,328"
49-2098,5,Industrial,Security and Fire Alarm Systems Installers,"73,084"
49-3011,5,Industrial,Aircraft Mechanics and Service Technicians,"194,435"
49-3021,5,Industrial,Automotive Body and Related Repairers,"142,451"
49-3022,5,Industrial,Automotive Glass Installers and Repairers,"19,677"
49-3023,5,Industrial,Automotive Service Technicians and Mechanics,"659,872"
49-3031,5,Industrial,Bus and Truck Mechanics and Diesel Engine Specialists,"277,997"
49-3041,5,Industrial,Farm Equipment Mechanics and Service Technicians,"36,431"
49-3042,5,Industrial,"Mobile Heavy Equipment Mechanics, Except Engines","153,476"
49-3043,5,Industrial,Rail Car Repairers,"26,731"
49-3051,5,Industrial,Motorboat Mechanics and Service Technicians,"23,327"
49-3052,5,Industrial,Motorcycle Mechanics,"15,157"
49-3053,5,Industrial,Outdoor Power Equipment and Other Small Engine Mechanics,"32,515"
49-3091,5,Industrial,Bicycle Repairers,"12,465"
49-3092,5,Industrial,Recreational Vehicle Service Technicians,"16,526"
49-3093,5,Industrial,Tire Repairers and Changers,"112,714"
49-9011,5,Industrial,Mechanical Door Repairers,"23,974"
49-9012,5,Industrial,"Control and Valve Installers and Repairers, Except Mechanical Door","52,909"
49-9021,5,Industrial,"Heating, Air Conditioning, and Refrigeration Mechanics and Installers","336,889"
49-9031,5,Industrial,Home Appliance Repairers,"31,602"
49-9041,5,Industrial,Industrial Machinery Mechanics,"369,411"
49-9043,5,Industrial,"Maintenance Workers, Machinery","82,196"
49-9044,5,Industrial,Millwrights,"46,125"
49-9045,5,Industrial,"Refractory Materials Repairers, Except Brickmasons","1,019"
49-9051,5,Industrial,Electrical Power-Line Installers and Repairers,"117,043"
49-9052,5,Industrial,Telecommunications Line Installers and Repairers,"122,518"
49-9061,5,Industrial,Camera and Photographic Equipment Repairers,"3,929"
49-9062,5,Industrial,Medical Equipment Repairers,"47,795"
49-9063,4,Industrial,Musical Instrument Repairers and Tuners,"8,143"
49-9064,4,Industrial,Watch Repairers,"2,906"
49-9069,4,Industrial,"Precision Instrument and Equipment Repairers, All Other","12,511"
49-9071,5,Industrial,"Maintenance and Repair Workers, General","1,541,633"
49-9081,5,Industrial,Wind Turbine Service Technicians,"6,474"
49-9091,4,Industrial,"Coin, Vending, and Amusement Machine Servicers and Repairers","34,064"
49-9092,4,Industrial,Commercial Divers,"3,906"
49-9093,4,Industrial,"Fabric Menders, Except Garment",344
49-9094,4,Industrial,Locksmiths and Safe Repairers,"18,214"
49-9095,4,Industrial,Manufactured Building and Mobile Home Installers,"3,338"
49-9096,5,Industrial,Riggers,"23,877"
49-9097,5,Industrial,Signal and Track Switch Repairers,"8,986"
49-9098,5,Industrial,"Helpers--Installation, Maintenance, and Repair Workers","107,562"
49-9099,5,Industrial,"Installation, Maintenance, and Repair Workers, All Other","172,475"
51-1011,5,Industrial,First-Line Supervisors of Production and Operating Workers,"625,947"
51-2011,5,Industrial,"Aircraft Structure, Surfaces, Rigging, and Systems Assemblers","44,762"
51-2021,5,Industrial,"Coil Winders, Tapers, and Finishers","14,425"
51-2028,5,Industrial,"Electrical, Electronic, and Electromechanical Assemblers, Except Coil Winders, Tapers, and Finishers","282,352"
51-2031,5,Industrial,Engine and Other Machine Assemblers,"52,788"
51-2041,5,Industrial,Structural Metal Fabricators and Fitters,"79,810"
51-2091,5,Industrial,Fiberglass Laminators and Fabricators,"23,898"
51-2093,5,Industrial,Timing Device Assemblers and Adjusters,888
51-2098,5,Industrial,"Assemblers and Fabricators, All Other, Including Team Assemblers","1,360,037"
51-3011,5,Industrial,Bakers,"180,820"
51-3021,5,Industrial,Butchers and Meat Cutters,"133,800"
51-3022,5,Industrial,"Meat, Poultry, and Fish Cutters and Trimmers","159,456"
51-3023,5,Industrial,Slaughterers and Meat Packers,"74,917"
51-3091,5,Industrial,"Food and Tobacco Roasting, Baking, and Drying Machine Operators and Tenders","24,458"
51-3092,5,Industrial,Food Batchmakers,"163,652"
51-3093,5,Industrial,Food Cooking Machine Operators and Tenders,"35,374"
51-3099,5,Industrial,"Food Processing Workers, All Other","46,261"
51-4011,5,Industrial,"Computer-Controlled Machine Tool Operators, Metal and Plastic","152,411"
51-4012,5,Industrial,"Computer Numerically Controlled Machine Tool Programmers, Metal and Plastic","25,518"
51-4021,5,Industrial,"Extruding and Drawing Machine Setters, Operators, and Tenders, Metal and Plastic","77,676"
51-4022,5,Industrial,"Forging Machine Setters, Operators, and Tenders, Metal and Plastic","21,290"
51-4023,5,Industrial,"Rolling Machine Setters, Operators, and Tenders, Metal and Plastic","29,160"
51-4031,5,Industrial,"Cutting, Punching, and Press Machine Setters, Operators, and Tenders, Metal and Plastic","189,181"
51-4032,5,Industrial,"Drilling and Boring Machine Tool Setters, Operators, and Tenders, Metal and Plastic","13,466"
51-4033,5,Industrial,"Grinding, Lapping, Polishing, and Buffing Machine Tool Setters, Operators, and Tenders, Metal and Plastic","74,957"
51-4034,5,Industrial,"Lathe and Turning Machine Tool Setters, Operators, and Tenders, Metal and Plastic","32,598"
51-4035,5,Industrial,"Milling and Planing Machine Setters, Operators, and Tenders, Metal and Plastic","22,769"
51-4041,5,Industrial,Machinists,"388,191"
51-4051,5,Industrial,Metal-Refining Furnace Operators and Tenders,"19,025"
51-4052,5,Industrial,"Pourers and Casters, Metal","8,499"
51-4061,5,Industrial,"Model Makers, Metal and Plastic","5,745"
51-4062,5,Industrial,"Patternmakers, Metal and Plastic","3,353"
51-4071,5,Industrial,Foundry Mold and Coremakers,"16,202"
51-4072,5,Industrial,"Molding, Coremaking, and Casting Machine Setters, Operators, and Tenders, Metal and Plastic","165,243"
51-4081,5,Industrial,"Multiple Machine Tool Setters, Operators, and Tenders, Metal and Plastic","138,932"
51-4111,5,Industrial,Tool and Die Makers,"74,256"
51-4121,5,Industrial,"Welders, Cutters, Solderers, and Brazers","396,976"
51-4122,5,Industrial,"Welding, Soldering, and Brazing Machine Setters, Operators, and Tenders","38,405"
51-4191,5,Industrial,"Heat Treating Equipment Setters, Operators, and Tenders, Metal and Plastic","20,876"
51-4192,5,Industrial,"Layout Workers, Metal and Plastic","10,011"
51-4193,5,Industrial,"Plating and Coating Machine Setters, Operators, and Tenders, Metal and Plastic","41,257"
51-4194,5,Industrial,"Tool Grinders, Filers, and Sharpeners","7,967"
51-4199,5,Industrial,"Metal Workers and Plastic Workers, All Other","27,932"
51-5111,4,Industrial,Prepress Technicians and Workers,"30,263"
51-5112,4,Industrial,Printing Press Operators,"172,608"
51-5113,4,Industrial,Print Binding and Finishing Workers,"45,559"
51-6011,5,Industrial,Laundry and Dry-Cleaning Workers,"214,148"
51-6021,4,Industrial,"Pressers, Textile, Garment, and Related Materials","38,722"
51-6031,4,Industrial,Sewing Machine Operators,"137,929"
51-6041,4,Industrial,Shoe and Leather Workers and Repairers,"9,452"
51-6042,4,Industrial,Shoe Machine Operators and Tenders,"3,578"
51-6051,4,Industrial,"Sewers, Hand","6,297"
51-6052,4,Industrial,"Tailors, Dressmakers, and Custom Sewers","23,095"
51-6061,4,Industrial,Textile Bleaching and Dyeing Machine Operators and Tenders,"9,971"
51-6062,4,Industrial,"Textile Cutting Machine Setters, Operators, and Tenders","14,374"
51-6063,4,Industrial,"Textile Knitting and Weaving Machine Setters, Operators, and Tenders","21,320"
51-6064,4,Industrial,"Textile Winding, Twisting, and Drawing Out Machine Setters, Operators, and Tenders","32,721"
51-6091,4,Industrial,"Extruding and Forming Machine Setters, Operators, and Tenders, Synthetic and Glass Fibers","20,814"
51-6092,4,Industrial,Fabric and Apparel Patternmakers,"5,837"
51-6093,4,Industrial,Upholsterers,"34,469"
51-6099,4,Industrial,"Textile, Apparel, and Furnishings Workers, All Other","16,189"
51-7011,4,Industrial,Cabinetmakers and Bench Carpenters,"101,935"
51-7021,4,Industrial,Furniture Finishers,"17,852"
51-7031,5,Industrial,"Model Makers, Wood",880
51-7032,5,Industrial,"Patternmakers, Wood",514
51-7041,5,Industrial,"Sawing Machine Setters, Operators, and Tenders, Wood","53,063"
51-7042,5,Industrial,"Woodworking Machine Setters, Operators, and Tenders, Except Sawing","79,705"
51-7099,5,Industrial,"Woodworkers, All Other","7,411"
51-8011,5,Industrial,Nuclear Power Reactor Operators,"6,868"
51-8012,5,Industrial,Power Distributors and Dispatchers,"13,304"
51-8013,5,Industrial,Power Plant Operators,"36,918"
51-8021,5,Industrial,Stationary Engineers and Boiler Operators,"37,281"
51-8031,5,Industrial,Water and Wastewater Treatment Plant and System Operators,"123,148"
51-8091,5,Industrial,Chemical Plant and System Operators,"30,328"
51-8092,5,Industrial,Gas Plant Operators,"16,147"
51-8093,5,Industrial,"Petroleum Pump System Operators, Refinery Operators, and Gaugers","40,846"
51-8099,5,Industrial,"Plant and System Operators, All Other","13,491"
51-9011,5,Industrial,Chemical Equipment Operators and Tenders,"83,400"
51-9012,5,Industrial,"Separating, Filtering, Clarifying, Precipitating, and Still Machine Setters, Operators, and Tenders","51,818"
51-9021,5,Industrial,"Crushing, Grinding, and Polishing Machine Setters, Operators, and Tenders","32,637"
51-9022,5,Industrial,"Grinding and Polishing Workers, Hand","31,028"
51-9023,5,Industrial,"Mixing and Blending Machine Setters, Operators, and Tenders","129,952"
51-9031,5,Industrial,"Cutters and Trimmers, Hand","11,160"
51-9032,5,Industrial,"Cutting and Slicing Machine Setters, Operators, and Tenders","62,247"
51-9041,5,Industrial,"Extruding, Forming, Pressing, and Compacting Machine Setters, Operators, and Tenders","75,200"
51-9051,5,Industrial,"Furnace, Kiln, Oven, Drier, and Kettle Operators and Tenders","18,088"
51-9061,5,Industrial,"Inspectors, Testers, Sorters, Samplers, and Weighers","567,162"
51-9071,4,Industrial,Jewelers and Precious Stone and Metal Workers,"27,019"
51-9081,5,Lab,Dental Laboratory Technicians,"36,215"
51-9082,5,Industrial,Medical Appliance Technicians,"15,336"
51-9083,5,Lab,Ophthalmic Laboratory Technicians,"29,561"
51-9111,5,Industrial,Packaging and Filling Machine Operators and Tenders,"400,629"
51-9121,5,Industrial,"Coating, Painting, and Spraying Machine Setters, Operators, and Tenders","89,440"
51-9122,5,Industrial,"Painters, Transportation Equipment","57,032"
51-9123,5,Industrial,"Painting, Coating, and Decorating Workers","12,842"
51-9141,5,Industrial,Semiconductor Processors,"26,516"
51-9151,5,Industrial,Photographic Process Workers and Processing Machine Operators,"17,512"
51-9191,5,Industrial,Adhesive Bonding Machine Operators and Tenders,"18,394"
51-9192,5,Industrial,"Cleaning, Washing, and Metal Pickling Equipment Operators and Tenders","19,670"
51-9193,5,Industrial,Cooling and Freezing Equipment Operators and Tenders,"10,161"
51-9194,5,Industrial,Etchers and Engravers,"9,577"
51-9195,5,Industrial,"Molders, Shapers, and Casters, Except Metal and Plastic","43,651"
51-9196,5,Industrial,"Paper Goods Machine Setters, Operators, and Tenders","98,254"
51-9197,5,Industrial,Tire Builders,"22,453"
51-9198,5,Industrial,Helpers--Production Workers,"353,709"
51-9199,5,Industrial,"Production Workers, All Other","245,567"
53-1011,5,Industrial,Aircraft Cargo Handling Supervisors,"9,480"
53-1048,5,Industrial,"First-line Supervisors of Transportation and Material Moving Workers, Except Aircraft Cargo Handling Supervisors","416,535"
53-2011,5,Industrial,"Airline Pilots, Copilots, and Flight Engineers","125,107"
53-2012,5,Industrial,Commercial Pilots,"54,326"
53-2021,5,Industrial,Air Traffic Controllers,"33,118"
53-2022,5,Industrial,Airfield Operations Specialists,"12,644"
53-2031,5,Other/Mixed,Flight Attendants,"120,132"
53-3011,5,Industrial,"Ambulance Drivers and Attendants, Except Emergency Medical Technicians","17,487"
53-3021,5,Industrial,"Bus Drivers, Transit and Intercity","184,296"
53-3022,5,Industrial,"Bus Drivers, School or Special Client","488,529"
53-3031,5,Industrial,Driver/Sales Workers,"424,316"
53-3032,5,Industrial,Heavy and Tractor-Trailer Truck Drivers,"1,858,623"
53-3033,5,Industrial,Light Truck or Delivery Services Drivers,"944,419"
53-3041,5,Industrial,Taxi Drivers and Chauffeurs,"265,004"
53-3099,5,Industrial,"Motor Vehicle Operators, All Other","62,925"
53-4011,5,Industrial,Locomotive Engineers,"34,251"
53-4012,5,Industrial,Locomotive Firers,487
53-4013,5,Industrial,"Rail Yard Engineers, Dinkey Operators, and Hostlers","6,132"
53-4021,5,Industrial,"Railroad Brake, Signal, and Switch Operators","14,018"
53-4031,5,Industrial,Railroad Conductors and Yardmasters,"42,633"
53-4041,5,Industrial,Subway and Streetcar Operators,"12,564"
53-4099,5,Industrial,"Rail Transportation Workers, All Other","2,943"
53-5011,5,Industrial,Sailors and Marine Oilers,"43,364"
53-5021,5,Industrial,"Captains, Mates, and Pilots of Water Vessels","50,054"
53-5022,5,Industrial,Motorboat Operators,"4,296"
53-5031,5,Industrial,Ship Engineers,"14,369"
53-6011,5,Industrial,Bridge and Lock Tenders,"4,799"
53-6021,4,Industrial,Parking Lot Attendants,"157,901"
53-6031,5,Industrial,Automotive and Watercraft Service Attendants,"116,945"
53-6041,5,Industrial,Traffic Technicians,"10,044"
53-6051,5,Industrial,Transportation Inspectors,"34,462"
53-6061,5,Industrial,"Transportation Attendants, Except Flight Attendants","28,652"
53-6099,5,Industrial,"Transportation Workers, All Other","40,351"
53-7011,5,Industrial,Conveyor Operators and Tenders,"26,034"
53-7021,5,Industrial,Crane and Tower Operators,"47,174"
53-7031,5,Industrial,Dredge Operators,"1,391"
53-7032,5,Industrial,Excavating and Loading Machine and Dragline Operators,"48,873"
53-7033,5,Industrial,"Loading Machine Operators, Underground Mining","2,841"
53-7041,5,Industrial,Hoist and Winch Operators,"3,277"
53-7051,5,Industrial,Industrial Truck and Tractor Operators,"614,648"
53-7061,5,Industrial,Cleaners of Vehicles and Equipment,"382,667"
53-7062,5,Industrial,"Laborers and Freight, Stock, and Material Movers, Hand","2,934,761"
53-7063,5,Industrial,Machine Feeders and Offbearers,"73,172"
53-7064,5,Industrial,"Packers and Packagers, Hand","678,771"
53-7071,5,Industrial,Gas Compressor and Gas Pumping Station Operators,"4,531"
53-7072,5,Industrial,"Pump Operators, Except Wellhead Pumpers","14,069"
53-7073,5,Industrial,Wellhead Pumpers,"13,963"
53-7081,5,Industrial,Refuse and Recyclable Material Collectors,"121,783"
53-7111,5,Industrial,Mine Shuttle Car Operators,"1,753"
53-7121,5,Industrial,"Tank Car, Truck, and Ship Loaders","10,888"
53-7199,5,Industrial,"Material Moving Workers, All Other","32,995"
55-9999,5,Institutional,Military-only occupations,"945,276"
99-9999,4,Industrial,Unclassified Occupation,0
