id,long,lat,status,name,category,category2,essential_flag,chain_flag,corridor,sidewalk_width,histogram_column,image
1,-73.8839447,40.74837109,Occupied,Perfumania,Fashion,Fashion,Non-essential,FALSE,Jackson,10,#N/A,
2,-73.88394976,40.74839622,Occupied,Ponce De Leon,Misc,Misc,Non-essential,TRUE,Jackson,10,#N/A,
3,-73.88393501,40.74831371,Occupied,N. Brands 26,Fashion,Fashion,Non-essential,TRUE,Jackson,10,#N/A,
5,-73.88391603,40.74821829,Occupied,Discount Clothing Store,Fashion,Fashion,Non-essential,TRUE,Jackson,10,#N/A,
6,-73.88392824,40.74828813,Occupied,Emblem Health,Misc,Misc,Non-essential,TRUE,Jackson,10,#N/A,
9,-73.88390161,40.74813039,Occupied,Jorge H. Robles,Misc,Misc,Non-essential,TRUE,Jackson,10,#N/A,
10,-73.88387508,40.74813335,Occupied,Teximport Express,Services,Services,Essential,TRUE,Jackson,10,#N/A,
11,-73.88388783,40.74805542,Occupied,McDonald's,Food,Food,Non-essential,FALSE,Jackson,10,1,
12,-73.88389699,40.74810752,Occupied,Brands & Co,Fashion,Fashion,Non-essential,TRUE,Jackson,10,#N/A,
13,-73.88386857,40.74794771,Occupied,Devisons Jewelers II,Fashion,Fashion,Non-essential,TRUE,Jackson,10,#N/A,
14,-73.88387414,40.74798927,Occupied,Shreehari Convenience Inc.,Markets/Pharmacies,Essentials,Essential,TRUE,Jackson,10,#N/A,
16,-73.88386207,40.74791307,Occupied,Devisons Jewelers,Fashion,Fashion,Non-essential,TRUE,Jackson,10,#N/A,
17,-73.88384446,40.74782323,Occupied,Top Gun,Fashion,Fashion,Non-essential,TRUE,Jackson,10,#N/A,
18,-73.88384983,40.74785625,Occupied,Mike's Jewelry,Fashion,Fashion,Non-essential,TRUE,Jackson,10,#N/A,
20,-73.8840747,40.74785304,Occupied,Duane Reade,Markets/Pharmacies,Essentials,Essential,FALSE,Jackson,20,#N/A,
21,-73.88410696,40.74801497,Occupied,Ponce De Leon Federal Bank,Services,Services,Essential,TRUE,Jackson,12,#N/A,
22,-73.88408644,40.74790888,Occupied,New York Language Centers,Groups,Groups,Non-essential,TRUE,Jackson,20,#N/A,
23,-73.88413105,40.74814441,Occupied,Galleria Home Decor,Home & Hobby,Home,Non-essential,TRUE,Jackson,12,#N/A,
24,-73.88411663,40.7480741,Occupied,Fabco Shoes,Fashion,Fashion,Non-essential,FALSE,Jackson,12,#N/A,
25,-73.88364184,40.74777874,Occupied,Mi Gente ,Misc,Misc,Non-essential,TRUE,Jackson,14,#N/A,
27,-73.89170905,40.74692168,Occupied,Gulshan Ave LLC,Markets/Pharmacies,Essentials,Essential,TRUE,Jackson,12,#N/A,
28,-73.88640707,40.7475139,Occupied,M. Badani & Associates,Services,Services,Essential,TRUE,Jackson,13,#N/A,
29,-73.89005463,40.74947193,Occupied,Juju’s Bagels Café,Food,Food,Non-essential,TRUE,Jackson,8,1,
30,-73.89004692,40.7494351,Occupied,EJ’s Barber Shop,Body,Body,Non-essential,TRUE,Jackson,8,#N/A,
31,-73.89085094,40.74787467,Occupied,Raza Associates Inc.,Misc,Misc,Non-essential,TRUE,Jackson,8,#N/A,
32,-73.89038387,40.74746218,Occupied,Bombay Bridal Boutique Inc.,Fashion,Fashion,Non-essential,TRUE,Jackson,5,#N/A,
33,-73.89090192,40.74806833,Occupied,Lawyer Office,Misc,Misc,Non-essential,TRUE,Jackson,8,#N/A,
35,-73.89102055,40.74859669,Occupied,Bhima Astrologer,Home & Hobby,Home,Non-essential,TRUE,Jackson,8,#N/A,
36,-73.89087409,40.74815981,Occupied,Emiliano Perez ,Misc,Misc,Non-essential,TRUE,Jackson,8,#N/A,
37,-73.88902648,40.74816939,Occupied,AAA Accounting & Income Tax,Services,Services,Essential,TRUE,Jackson,5,#N/A,
39,-73.88505255,40.74730596,Occupied,Classes OSHA,Groups,Groups,Non-essential,TRUE,Jackson,9,#N/A,
40,-73.88874279,40.74816729,Occupied,Law Office Of Jose A. Polanco ,Misc,Misc,Non-essential,TRUE,Jackson,8,#N/A,
42,-73.88401416,40.74735216,Occupied,Madelin Salon,Body,Body,Non-essential,TRUE,Jackson,7,#N/A,
43,-73.89162164,40.74854797,Occupied,JMD Wireless & Appliance,Home & Hobby,Home,Non-essential,TRUE,Jackson,12,#N/A,
44,-73.88385228,40.74813715,Occupied,Vami Express Courier/ Courier MG Agulia Express,Services,Services,Essential,TRUE,Jackson,10,#N/A,
45,-73.89182364,40.74829437,Occupied,Marks Home Care,Misc,Misc,Non-essential,TRUE,Jackson,11,#N/A,
46,-73.89188356,40.74839336,Occupied,Everest Driving School,Groups,Groups,Non-essential,TRUE,Jackson,11,#N/A,
47,-73.89148401,40.74732602,Occupied,Newsstand,Markets/Pharmacies,Essentials,Essential,TRUE,Jackson,12,#N/A,
48,-73.89143079,40.74752797,Occupied,Rahim Gift Shop,Home & Hobby,Home,Non-essential,TRUE,Jackson,12,#N/A,
49,-73.8917511,40.74728131,Occupied,K2 Delights,Food,Food,Non-essential,TRUE,Jackson,9,1,
50,-73.89163913,40.74664319,Occupied,Rainbow Bakery,Food,Food,Non-essential,TRUE,Jackson,9,2,
51,-73.88564042,40.74758944,Occupied,Star’s Club,Groups,Groups,Non-essential,TRUE,Jackson,12,#N/A,
52,-73.89160154,40.74707365,Occupied,Prabhu Multiservices,Services,Services,Essential,TRUE,Jackson,9,#N/A,
53,-73.89117771,40.74697402,Occupied,Eyebrows Salon,Body,Body,Non-essential,TRUE,Jackson,12,#N/A,
54,-73.88563555,40.74756935,Occupied,Seven Fitness Studio - Zumba Fitness,Fitness,Fitness,Non-essential,TRUE,Jackson,12,#N/A,
55,-73.88420923,40.74987406,Occupied,Rite Aid,Markets/Pharmacies,Essentials,Essential,FALSE,Jackson,14,#N/A,
56,-73.89141172,40.74733938,Occupied,Mollika Electronics,Home & Hobby,Home,Non-essential,TRUE,Jackson,6,#N/A,
57,-73.88302929,40.74729932,Occupied,Juquila Restaurant,Food,Food,Non-essential,TRUE,Jackson,7,1,
58,-73.88302398,40.74726928,Occupied,Oxigeno Salon Laser Spa,Body,Body,Non-essential,TRUE,Jackson,7,#N/A,
59,-73.88303716,40.74733821,Occupied,T-Work Staffing Solution ,Misc,Misc,Non-essential,TRUE,Jackson,7,#N/A,
60,-73.8830694,40.74733476,Occupied,AC Cury & Associates LLC,Misc,Misc,Essential,TRUE,Jackson,7,#N/A,
61,-73.88304717,40.74741595,Occupied,7 Graphic Design,Services,Services,Essential,TRUE,Jackson,7,#N/A,
62,-73.88304333,40.74736961,Occupied,El Zócado,Drinks,Drinks,Non-essential,TRUE,Jackson,7,2,
63,-73.88306292,40.747499,Occupied,Ortega Unisex Salon & Barber Shop,Body,Body,Non-essential,TRUE,Jackson,7,#N/A,
64,-73.88305378,40.74744381,Occupied,La Caleñita Bakery,Food,Food,Non-essential,TRUE,Jackson,7,3,
66,-73.88375222,40.74732271,Occupied,Capy Cafe,Food,Food,Non-essential,TRUE,Jackson,13,1,
67,-73.8837132,40.74728151,Occupied,Odalis Encarnacion Esq.,Misc,Misc,Non-essential,TRUE,Jackson,13,#N/A,
68,-73.88368115,40.74728492,Occupied,4life New York,Misc,Misc,Non-essential,TRUE,Jackson,13,#N/A,
69,-73.88373594,40.74723515,Occupied,Tulcingo Restaurant & Bakery,Food,Food,Non-essential,TRUE,Jackson,13,2,
70,-73.88374426,40.74727894,Occupied,"Michael A. Cervini, P.C.",Misc,Misc,Non-essential,TRUE,Jackson,13,#N/A,
71,-73.88371698,40.74713259,Occupied,Casa Rivera,Markets/Pharmacies,Essentials,Non-essential,TRUE,Jackson,13,#N/A,
72,-73.88372537,40.74718182,Occupied,J&J Pizzeria Cafe/Bar,Food,Food,Non-essential,TRUE,Jackson,13,3,
73,-73.88395575,40.74716214,Occupied,Roshni Beauty Salon,Body,Body,Non-essential,TRUE,Jackson,7,#N/A,
74,-73.88394582,40.74710974,Occupied,H&R Block,Services,Services,Essential,FALSE,Jackson,7,#N/A,
75,-73.88396802,40.74722561,Occupied,M to N Cafeteria,Food,Food,Essential,TRUE,Jackson,7,4,
77,-73.88397574,40.74726719,Occupied,Popeyes’s Louisiana Kitchen,Food,Food,Non-essential,FALSE,Jackson,7,5,
78,-73.88398324,40.74731253,Occupied,J&B Gift Shop Inc.,Markets/Pharmacies,Essentials,Essential,TRUE,Jackson,7,#N/A,
79,-73.88398972,40.74735639,Occupied,Harmony Spa,Body,Body,Non-essential,TRUE,Jackson,7,#N/A,
80,-73.88398772,40.74733951,Occupied,Reinoso & Gallegos Couriers S.A.,Services,Services,Essential,TRUE,Jackson,7,#N/A,
81,-73.884,40.74740571,Occupied,Western Drugs Inc,Markets/Pharmacies,Essentials,Essential,TRUE,Jackson,7,#N/A,
82,-73.88399259,40.74737037,Occupied,82nd Newsstand,Markets/Pharmacies,Essentials,Essential,TRUE,Jackson,7,#N/A,
84,-73.88600684,40.74930785,Occupied,Dior Spa & Salon,Body,Body,Non-essential,TRUE,Jackson,6,#N/A,
85,-73.8857203,40.74781413,Occupied,NYC Coffee,Food,Food,Non-essential,TRUE,Jackson,6,1,
86,-73.88596284,40.74778282,Occupied,Expresito Carga,Services,Services,Essential,TRUE,Jackson,9,#N/A,
87,-73.88572753,40.74772292,Occupied,Los Dorados Cargo,Services,Services,Essential,TRUE,Jackson,11,#N/A,
88,-73.88571627,40.74766187,Occupied,Botanica La Macarena,Home & Hobby,Home,Non-essential,TRUE,Jackson,11,#N/A,
89,-73.89079616,40.74701735,Occupied,Tibet Kitchen,Food,Food,Non-essential,TRUE,Jackson,12,1,
90,-73.88746807,40.74737781,Occupied,London Boutique,Home & Hobby,Home,Non-essential,TRUE,Jackson,12,#N/A,
91,-73.88694318,40.74936513,Occupied,The Makeup Shop,Body,Body,Non-essential,TRUE,Jackson,9,#N/A,
92,-73.88746161,40.74928561,Occupied,United States Post Office - Jackson heights ,Services,Services,Essential,FALSE,Jackson,15,#N/A,
93,-73.88684604,40.74937614,Occupied,Adara Skin Care,Body,Body,Non-essential,TRUE,Jackson,9,#N/A,
94,-73.88687858,40.74937116,Occupied,MJ Optical,Fashion,Fashion,Non-essential,TRUE,Jackson,9,#N/A,
95,-73.88668036,40.74939067,Occupied,Table Wine,Markets/Pharmacies,Essentials,Essential,TRUE,Jackson,9,#N/A,
96,-73.88679565,40.74938098,Occupied,B&B Pharmacy,Markets/Pharmacies,Essentials,Essential,TRUE,Jackson,9,#N/A,
98,-73.88674404,40.7493855,Occupied,Joseph Lock & Alarm,Home & Hobby,Home,Essential,TRUE,Jackson,9,#N/A,
100,-73.88640757,40.74942049,Occupied,Boost Mobile,Home & Hobby,Home,Essential,TRUE,Jackson,9,#N/A,
101,-73.88601167,40.74946258,Occupied,Q & Q Discount,Markets/Pharmacies,Essentials,Essential,TRUE,Jackson,9,#N/A,
102,-73.88628675,40.74943233,Occupied,Seba Seba,Food,Food,Non-essential,TRUE,Jackson,9,3,
103,-73.88577306,40.74948764,Occupied,Happy Kitchen,Food,Food,Non-essential,TRUE,Jackson,9,4,
104,-73.88595717,40.74946832,Occupied,Kim’s Brother,Markets/Pharmacies,Essentials,Essential,TRUE,Jackson,9,#N/A,
105,-73.88572424,40.74949294,Occupied,Nima Nails & Spa,Body,Body,Non-essential,TRUE,Jackson,9,#N/A,
106,-73.88587099,40.74947651,Occupied,Manat Threading Inc.,Body,Body,Non-essential,TRUE,Jackson,9,#N/A,
107,-73.88533405,40.74953352,Occupied,Eyecare Center,Fashion,Fashion,Non-essential,TRUE,Jackson,9,#N/A,
108,-73.88547066,40.74951941,Occupied,La Boina Roja Steakhouse,Food,Food,Non-essential,TRUE,Jackson,9,5,
109,-73.88547554,40.7497304,Occupied,Xugan,Body,Body,Non-essential,TRUE,Jackson,13,#N/A,
110,-73.88539049,40.74973979,Occupied,Caffé Bene,Food,Food,Non-essential,FALSE,Jackson,13,4,
112,-73.8855096,40.74972737,Occupied,Just Made 4 U,Food,Food,Non-essential,TRUE,Jackson,13,5,
113,-73.88566996,40.74970928,Occupied,Prexco,Body,Body,Non-essential,TRUE,Jackson,13,#N/A,
114,-73.88563253,40.74971386,Occupied,Sebra 2,Body,Body,Non-essential,TRUE,Jackson,13,#N/A,
116,-73.88587049,40.74968931,Occupied,Nueva Luz Pharmacy Inc.,Markets/Pharmacies,Essentials,Essential,TRUE,Jackson,13,#N/A,
117,-73.88596681,40.74967759,Occupied,Suviviende Internacional,Misc,Misc,Non-essential,TRUE,Jackson,13,#N/A,
118,-73.88591793,40.74968426,Occupied,Emoji Burger,Food,Food,Non-essential,TRUE,Jackson,13,6,
119,-73.88605893,40.74966896,Occupied,Rainbowberry Frozen Yogurt,Food,Food,Non-essential,TRUE,Jackson,13,7,
120,-73.88601142,40.74967298,Occupied,Nila's Eyebrow Center Unisex,Body,Body,Non-essential,TRUE,Jackson,13,#N/A,
121,-73.88640064,40.74963667,Occupied,TaxTerminal.com,Services,Services,Essential,TRUE,Jackson,10,#N/A,
122,-73.88634647,40.74964197,Occupied,Black Tie - II French Cleaner,Services,Services,Essential,TRUE,Jackson,10,#N/A,
123,-73.88648779,40.74962758,Occupied,Alina & Sofia's Jewelry,Fashion,Fashion,Non-essential,TRUE,Jackson,10,#N/A,
124,-73.88643705,40.749633,Occupied,Woks Chinese Cuisine,Food,Food,Non-essential,TRUE,Jackson,10,2,
125,-73.88663334,40.74961152,Occupied,Fuchsia Beauty Lounge,Body,Body,Non-essential,TRUE,Jackson,10,#N/A,
126,-73.88654725,40.7496218,Occupied,M & J Fabric Inc.,Home & Hobby,Home,Non-essential,TRUE,Jackson,10,#N/A,
127,-73.88678207,40.74959732,Occupied,Moda,Fashion,Fashion,Non-essential,TRUE,Jackson,10,#N/A,
128,-73.8866855,40.74960661,Occupied,Ria,Services,Services,Essential,TRUE,Jackson,10,#N/A,
129,-73.88691048,40.74958178,Occupied,Center Service Shoe Repair,Services,Services,Non-essential,TRUE,Jackson,10,#N/A,
130,-73.88684889,40.74959029,Occupied,Stand Alone Cheese,Markets/Pharmacies,Essentials,Essential,TRUE,Jackson,10,#N/A,
132,-73.88694498,40.74957946,Occupied,Central Cafe,Markets/Pharmacies,Essentials,Essential,TRUE,Jackson,10,#N/A,
133,-73.88741743,40.74952644,Occupied,Arunee Thai,Food,Food,Non-essential,TRUE,Jackson,14,1,
134,-73.88736113,40.74953264,Occupied,Starbucks,Food,Food,Non-essential,FALSE,Jackson,14,2,
135,-73.8876112,40.74950701,Occupied,Z&M Laundromat,Services,Services,Essential,TRUE,Jackson,14,#N/A,
136,-73.88749128,40.74952021,Occupied,Dollar Mart,Markets/Pharmacies,Essentials,Essential,TRUE,Jackson,14,#N/A,
137,-73.88778478,40.74948912,Occupied,The Original American Chicken,Food,Food,Non-essential,TRUE,Jackson,14,3,
138,-73.88767267,40.74950195,Occupied,C&S Value Mart Inc.,Fashion,Fashion,Non-essential,TRUE,Jackson,14,#N/A,
139,-73.88796875,40.74965095,Occupied,CENTI - Centro Internacional de Teoterapia Integral,Misc,Misc,Non-essential,TRUE,Jackson,10,#N/A,
140,-73.88792546,40.74948823,Occupied,Apple Bank For Savings,Services,Services,Essential,FALSE,Jackson,12,#N/A,
141,-73.8882644,40.74944022,Occupied,Arepa Lady,Food,Food,Non-essential,TRUE,Jackson,11,1,
142,-73.88815855,40.74945002,Occupied,Lemon Farm,Markets/Pharmacies,Essentials,Essential,TRUE,Jackson,11,#N/A,
143,-73.88836005,40.74943021,Occupied,New Peking,Food,Food,Non-essential,TRUE,Jackson,11,2,
144,-73.88830183,40.74943579,Occupied,Sell Right Realty,Misc,Misc,Essential,TRUE,Jackson,11,#N/A,
146,-73.88839815,40.7494257,Occupied,Lockwood,Home & Hobby,Home,Non-essential,TRUE,Jackson,11,#N/A,
147,-73.88855395,40.74941129,Occupied,Mama Rosa Brick Oven Pizza,Food,Food,Non-essential,TRUE,Jackson,11,3,
148,-73.88850352,40.74941501,Occupied,Crafts Decor,Home & Hobby,Home,Non-essential,TRUE,Jackson,11,#N/A,
149,-73.88863906,40.74940104,Occupied,Okawa Japanese Restaurant,Food,Food,Non-essential,TRUE,Jackson,11,4,
150,-73.88860306,40.74940592,Occupied,Lety Bakery & Cafe,Food,Food,Non-essential,TRUE,Jackson,11,5,
152,-73.88869507,40.74939634,Occupied,Unit Cleaners,Services,Services,Essential,TRUE,Jackson,11,#N/A,
154,-73.88415142,40.74824617,Occupied,Mattress Store,Home & Hobby,Home,Non-essential,TRUE,Jackson,12,#N/A,
156,-73.88418992,40.74843917,Occupied,Old Navy,Fashion,Fashion,Non-essential,FALSE,Jackson,12,#N/A,
157,-73.88422701,40.74862351,Occupied,Pandora,Fashion,Fashion,Non-essential,FALSE,Jackson,22,#N/A,
158,-73.88421431,40.74855861,Occupied,T-mobile,Home & Hobby,Home,Essential,FALSE,Jackson,22,#N/A,
159,-73.88425497,40.74876221,Occupied,GAP Outlet,Fashion,Fashion,Non-essential,FALSE,Jackson,13,#N/A,
160,-73.88423884,40.74867884,Occupied,AT&T,Home & Hobby,Home,Essential,TRUE,Jackson,22,#N/A,
162,-73.88428701,40.74895608,Occupied,Carter's,Fashion,Fashion,Non-essential,FALSE,Jackson,13,#N/A,
163,-73.88433549,40.74921379,Occupied,The Children's Place,Fashion,Fashion,Non-essential,FALSE,Jackson,13,#N/A,
164,-73.88432037,40.74912262,Occupied,Foot Locker,Fashion,Fashion,Non-essential,FALSE,Jackson,13,#N/A,
165,-73.88436571,40.74940535,Occupied,Easy Pickins,Fashion,Fashion,Non-essential,TRUE,Jackson,10,#N/A,
166,-73.88435577,40.74930787,Occupied,Skechers,Fashion,Fashion,Non-essential,FALSE,Jackson,13,#N/A,
167,-73.88458711,40.74960133,Occupied,Capital One Bank,Services,Services,Essential,FALSE,Jackson,9,#N/A,
168,-73.8843801,40.74947064,Occupied,Joyeria Emporium,Fashion,Fashion,Non-essential,TRUE,Jackson,10,#N/A,
169,-73.88487358,40.74958378,Occupied,La Casa de los Antejitos,Food,Food,Non-essential,TRUE,Jackson,9,6,
170,-73.88479482,40.74959227,Occupied,G.C. School Arts Craft Supplies,Home & Hobby,Home,Non-essential,TRUE,Jackson,9,#N/A,
171,-73.88502458,40.74956694,Occupied,Jahn's,Food,Food,Non-essential,TRUE,Jackson,9,7,
172,-73.88488905,40.74956955,Occupied,CCQ,Groups,Groups,Non-essential,TRUE,Jackson,9,#N/A,
173,-73.88489064,40.74958242,Occupied,Ampro Service,Misc,Misc,Non-essential,TRUE,Jackson,9,#N/A,
174,-73.88495271,40.74957582,Occupied,NYC Food Mart,Markets/Pharmacies,Essentials,Essential,TRUE,Jackson,9,#N/A,
176,-73.88507909,40.74956108,Occupied,Ultima Florals,Home & Hobby,Home,Non-essential,TRUE,Jackson,9,#N/A,
177,-73.88506592,40.74933636,Occupied,Cruise McClean Realty,Misc,Misc,Essential,TRUE,Jackson,9,#N/A,
178,-73.88508034,40.74940416,Occupied,Arcia & Associates,Misc,Misc,Non-essential,TRUE,Jackson,9,#N/A,
180,-73.88482017,40.74797948,Occupied,Elmhurst Hotel,Lodging,Lodging,Essential,TRUE,Jackson,9,#N/A,
181,-73.88512484,40.74976897,Occupied,Susanna Nail,Body,Body,Non-essential,TRUE,Jackson,15,#N/A,
182,-73.88480224,40.74786254,Occupied,Julieta,Food,Food,Non-essential,TRUE,Jackson,9,8,
183,-73.88505844,40.74977591,Occupied,Eyebrow and More,Body,Body,Non-essential,TRUE,Jackson,15,#N/A,
184,-73.88509301,40.7497719,Occupied,Oscar's Hair Salon,Body,Body,Non-essential,TRUE,Jackson,15,#N/A,
185,-73.88496569,40.74978567,Occupied,Coco’s Vision,Fashion,Fashion,Non-essential,TRUE,Jackson,15,#N/A,
186,-73.88501244,40.74978077,Occupied,Venus Salon,Body,Body,Non-essential,TRUE,Jackson,15,#N/A,
187,-73.88487302,40.74979487,Occupied,Headz Ain't Ready,Body,Body,Non-essential,TRUE,Jackson,15,#N/A,
188,-73.8849228,40.74979006,Occupied,Servientrega,Services,Services,Essential,TRUE,Jackson,15,#N/A,
189,-73.88476619,40.74980627,Occupied,Jackson Heights Perfume Market Inc.,Fashion,Fashion,Non-essential,TRUE,Jackson,15,#N/A,
190,-73.88481264,40.7498011,Occupied,Avianca Express,Services,Services,Essential,TRUE,Jackson,15,#N/A,
192,-73.88471479,40.74981119,Occupied,Joyeria82,Fashion,Fashion,Non-essential,TRUE,Jackson,15,#N/A,
193,-73.88454534,40.74982922,Occupied,Nueva Vida Pharmacy,Markets/Pharmacies,Essentials,Essential,TRUE,Jackson,15,#N/A,
194,-73.88460462,40.74982403,Occupied,Chic Lashes & Nails,Body,Body,Non-essential,TRUE,Jackson,15,#N/A,
195,-73.88326212,40.74997003,Occupied,Taco Bell,Food,Food,Non-essential,FALSE,Jackson,16,1,
196,-73.88448349,40.74983539,Occupied,The Vitamin Shoppe,Markets/Pharmacies,Essentials,Essential,FALSE,Jackson,15,#N/A,
197,-73.8859989,40.74730307,Occupied,City Pharmacy,Markets/Pharmacies,Essentials,Essential,TRUE,Jackson,9,#N/A,
198,-73.88321249,40.74997645,Occupied,Café De Colombia Bakery,Food,Food,Non-essential,TRUE,Jackson,16,2,
199,-73.88495056,40.74740778,Occupied,Casablanca Brazilian Grill,Food,Food,Non-essential,TRUE,Jackson,9,9,
200,-73.88502363,40.74740483,Occupied,United Healthcare Community Plan,Misc,Misc,Non-essential,TRUE,Jackson,9,#N/A,
201,-73.88401888,40.74751141,Occupied,YogurBerry,Food,Food,Non-essential,TRUE,Jackson,14,4,
202,-73.88450376,40.74746186,Occupied,Gulxar,Home & Hobby,Home,Essential,TRUE,Jackson,14,#N/A,
203,-73.88361826,40.74755206,Occupied,Boost Mobile,Home & Hobby,Home,Essential,TRUE,Jackson,13,#N/A,
204,-73.88370775,40.74754382,Occupied,Peruvian Conection Corp. Saloon Unisex,Body,Body,Non-essential,TRUE,Jackson,13,#N/A,
205,-73.8834344,40.74757209,Occupied,Abogados Arcia ,Misc,Misc,Non-essential,TRUE,Jackson,13,#N/A,
206,-73.88352711,40.74756306,Occupied,Looks,Body,Body,Non-essential,TRUE,Jackson,13,#N/A,
207,-73.88329176,40.74758661,Occupied,Mom Bernice's Beauty Salon,Body,Body,Non-essential,TRUE,Jackson,13,#N/A,
208,-73.88328632,40.74756132,Occupied,Jesus De La Gran Fe,Groups,Groups,Non-essential,TRUE,Jackson,13,#N/A,
209,-73.88313011,40.74758033,Occupied,Mardel Esthetics ,Body,Body,Non-essential,TRUE,Jackson,13,#N/A,
210,-73.88312557,40.74756204,Occupied,Luis Unisex Barber Shop,Body,Body,Non-essential,TRUE,Jackson,13,#N/A,
211,-73.88356682,40.74778624,Occupied,Crazy Tattoo,Body,Body,Non-essential,TRUE,Jackson,14,#N/A,
212,-73.88313357,40.74760359,Occupied,"The Law Office Of Michael Siegel, P.C. ",Misc,Misc,Non-essential,TRUE,Jackson,13,#N/A,
213,-73.88612187,40.74755193,Occupied,Rose Spa,Body,Body,Non-essential,TRUE,Jackson,13,#N/A,
214,-73.88549916,40.74759917,Occupied,Zen Garden Spa,Body,Body,Non-essential,TRUE,Jackson,12,#N/A,
215,-73.88709372,40.747416,Occupied,Capo Bar & Grill,Drinks,Drinks,Non-essential,TRUE,Jackson,12,2,
216,-73.88611723,40.74751891,Occupied,Napoli Employment Agency ,Misc,Misc,Non-essential,TRUE,Jackson,13,#N/A,
217,-73.89101701,40.74893966,Occupied,Farine Baking Company,Food,Food,Non-essential,TRUE,Jackson,8,2,
218,-73.88960118,40.74908648,Occupied,Foodtown,Markets/Pharmacies,Essentials,Essential,TRUE,Jackson,14,#N/A,
219,-73.89098656,40.74860117,Occupied,Eshika Printers & Sign,Services,Services,Essential,TRUE,Jackson,8,#N/A,
221,-73.89092316,40.7484024,Occupied,Parking Lot,Services,Services,Essential,TRUE,Jackson,8,#N/A,
222,-73.89099297,40.74863289,Occupied,Zhen & Wei Laundromat,Services,Services,Essential,TRUE,Jackson,8,#N/A,
225,-73.89084906,40.74785993,Occupied,CS Safety Specialist Corp.,Groups,Groups,Non-essential,TRUE,Jackson,8,#N/A,
231,-73.89122274,40.74719963,Occupied,Himalayan Salon,Body,Body,Non-essential,TRUE,Jackson,8,#N/A,
232,-73.89164475,40.74738059,Occupied,T Mobile,Home & Hobby,Home,Essential,FALSE,Jackson,11,#N/A,
233,-73.89165452,40.74743539,Occupied,Prince,Food,Food,Non-essential,TRUE,Jackson,11,6,
234,-73.8916333,40.74732383,Occupied,New Menka Salon,Body,Body,Non-essential,TRUE,Jackson,11,#N/A,
235,-73.89166554,40.74749559,Occupied,Armaan's Bridal,Fashion,Fashion,Essential,TRUE,Jackson,11,#N/A,
236,-73.89124081,40.74719657,Occupied,Potala Restaurant,Food,Food,Non-essential,TRUE,Jackson,8,3,
237,-73.89083202,40.74724351,Occupied,Everest Federal Credit Union,Services,Services,Essential,TRUE,Jackson,8,#N/A,
238,-73.8907839,40.74724878,Occupied,Desh Bidesh Unisex Barber Shop,Body,Body,Non-essential,TRUE,Jackson,8,#N/A,
239,-73.89086444,40.74723975,Occupied,Angel Indian Restaurant,Food,Food,Non-essential,TRUE,Jackson,8,4,
240,-73.89172721,40.74757875,Occupied,Tony Moe Beauty Salon,Body,Body,Non-essential,TRUE,Jackson,11,#N/A,
241,-73.89101216,40.74722385,Occupied,Hamro Bhim's Café,Food,Food,Non-essential,TRUE,Jackson,8,5,
242,-73.89094649,40.7472312,Occupied,Al- Salim Halal Meat,Markets/Pharmacies,Essentials,Essential,TRUE,Jackson,8,#N/A,
243,-73.89108204,40.74721412,Occupied,Bombay Bridal,Fashion,Fashion,Non-essential,TRUE,Jackson,8,#N/A,
244,-73.89167142,40.74752574,Occupied,Karat 22,Fashion,Fashion,Non-essential,TRUE,Jackson,11,#N/A,
245,-73.89167884,40.74756241,Occupied,Suman Wireless,Home & Hobby,Home,Essential,TRUE,Jackson,11,#N/A,
246,-73.89127626,40.74719275,Occupied,Buddha’s Master Barber Shop,Body,Body,Non-essential,TRUE,Jackson,8,#N/A,
247,-73.89170607,40.74758256,Occupied,Lhasa Fast Food,Food,Food,Non-essential,TRUE,Jackson,11,7,
248,-73.89118323,40.74720423,Occupied,Nepali Bhanchha Ghar LLC,Food,Food,Non-essential,TRUE,Jackson,8,6,
249,-73.89141911,40.74738,Occupied,Citibank,Services,Services,Essential,FALSE,Jackson,12,#N/A,
250,-73.89168157,40.7475869,Occupied,Jackson Tailors,Services,Services,Essential,TRUE,Jackson,11,#N/A,
251,-73.89168705,40.74759975,Occupied,You And Me Wireless,Home & Hobby,Home,Essential,TRUE,Jackson,11,#N/A,
252,-73.89143829,40.74747165,Occupied,Rahul's Linens,Home & Hobby,Home,Non-essential,TRUE,Jackson,12,#N/A,
253,-73.89170004,40.74767044,Occupied,Karishma,Fashion,Fashion,Non-essential,TRUE,Jackson,11,#N/A,
254,-73.89145016,40.74752732,Occupied,Rahul Exclusive,Fashion,Fashion,Non-essential,TRUE,Jackson,12,#N/A,
255,-73.89145509,40.74755784,Occupied,Rahul's Couture,Fashion,Fashion,Non-essential,TRUE,Jackson,12,#N/A,
256,-73.89143314,40.74756083,Occupied,Rahul’s Bridal,Fashion,Fashion,Non-essential,TRUE,Jackson,12,#N/A,
257,-73.89146713,40.7476206,Occupied,Alankar Jewelers,Fashion,Fashion,Non-essential,TRUE,Jackson,12,#N/A,
258,-73.89170897,40.747719,Occupied,Butala Emporium,Home & Hobby,Home,Non-essential,TRUE,Jackson,11,#N/A,
259,-73.89171936,40.74777005,Occupied,Sona Mandi,Fashion,Fashion,Non-essential,TRUE,Jackson,11,#N/A,
260,-73.89148813,40.74772854,Occupied,Jackson Diner,Food,Food,Non-essential,TRUE,Jackson,12,3,
261,-73.89172739,40.74781742,Occupied,T-Mobile,Home & Hobby,Home,Essential,FALSE,Jackson,11,#N/A,
263,-73.89154879,40.74803828,Occupied,Patel Brothers,Markets/Pharmacies,Essentials,Essential,TRUE,Jackson,12,#N/A,
265,-73.89178212,40.74804108,Occupied,Mita Jewelers,Fashion,Fashion,Non-essential,TRUE,Jackson,11,#N/A,
266,-73.89158398,40.74821429,Occupied,Indian Taj,Food,Food,Non-essential,TRUE,Jackson,12,4,
267,-73.89178893,40.74807626,Occupied,Omkar Jewelers,Fashion,Fashion,Non-essential,TRUE,Jackson,11,#N/A,
268,-73.89159358,40.74826468,Occupied,Perfection Bridal's,Fashion,Fashion,Non-essential,TRUE,Jackson,12,#N/A,
269,-73.89180316,40.74818514,Occupied,Zardozi,Fashion,Fashion,Non-essential,TRUE,Jackson,11,#N/A,
270,-73.89159623,40.74837127,Occupied,Gulshan Fashion House,Fashion,Fashion,Non-essential,TRUE,Jackson,12,#N/A,
271,-73.8918075,40.74821059,Occupied,Saawariya,Fashion,Fashion,Non-essential,TRUE,Jackson,11,#N/A,
272,-73.89156039,40.74832188,Occupied,New York Gold Co,Fashion,Fashion,Non-essential,TRUE,Jackson,12,#N/A,
273,-73.89180594,40.74819844,Occupied,Shopno Fashion,Fashion,Fashion,Non-essential,TRUE,Jackson,11,#N/A,
274,-73.89158687,40.74833062,Occupied,Queens Diamond & Jewelry,Fashion,Fashion,Non-essential,TRUE,Jackson,12,#N/A,
275,-73.89158321,40.74831774,Occupied,Printing And More,Services,Services,Essential,TRUE,Jackson,12,#N/A,
276,-73.89159295,40.74835334,Occupied,Nepa Fashion House,Fashion,Fashion,Non-essential,TRUE,Jackson,12,#N/A,
277,-73.89160096,40.74839832,Occupied,Sunman Global Express Corp,Services,Services,Essential,TRUE,Jackson,12,#N/A,
278,-73.89181357,40.74823995,Occupied,Asli Sona Appliances,Services,Services,Essential,TRUE,Jackson,11,#N/A,
279,-73.89181187,40.74822885,Occupied,Paridhan Bridal Boutique,Fashion,Fashion,Non-essential,TRUE,Jackson,11,#N/A,
280,-73.89158344,40.74840128,Occupied,Worldwide Travel Services,Misc,Misc,Non-essential,TRUE,Jackson,12,#N/A,
281,-73.89159837,40.74893192,Occupied,Newsstand,Markets/Pharmacies,Essentials,Essential,TRUE,Jackson,8,#N/A,
282,-73.88889631,40.74954161,Occupied,Modern Barber Shop,Body,Body,Non-essential,TRUE,Jackson,6,#N/A,
283,-73.89130712,40.7489088,Occupied,Apna Express Discount,Markets/Pharmacies,Essentials,Essential,TRUE,Jackson,8,#N/A,
284,-73.89142245,40.74889653,Occupied,Preojon,Home & Hobby,Home,Essential,TRUE,Jackson,8,#N/A,
285,-73.89124568,40.74891672,Occupied,Thakali Kitchen,Food,Food,Non-essential,TRUE,Jackson,8,7,
286,-73.89119628,40.74892228,Occupied,Afghan Kebab & Grill,Food,Food,Non-essential,TRUE,Jackson,8,8,https://calendre.imgix.net/ZSAT_image_7382ae6d39b5f98ca68973d677f7f197fb635fe0.jpg?w=200&h=200&dpr=1&fit=crop&fm=pjpg&q=40
287,-73.89071208,40.74919322,Occupied,Image Heights Pharmacy,Markets/Pharmacies,Essentials,Essential,TRUE,Jackson,17,#N/A,
288,-73.89113046,40.74892912,Occupied,Meghna Bazaar & Halal Meat,Markets/Pharmacies,Essentials,Essential,TRUE,Jackson,8,#N/A,
289,-73.89075109,40.74896093,Occupied,Ricky's Café,Food,Food,Non-essential,TRUE,Jackson,8,9,
290,-73.89069209,40.7489706,Occupied,Amit Fabrics & Saree Palace,Fashion,Fashion,Non-essential,TRUE,Jackson,14,#N/A,
291,-73.89063086,40.74918931,Occupied,Mega Dream Corp,Markets/Pharmacies,Essentials,Essential,TRUE,Jackson,13,#N/A,
292,-73.890577,40.7489824,Occupied,Olivos Opticians,Fashion,Fashion,Non-essential,TRUE,Jackson,14,#N/A,
293,-73.89053938,40.74898681,Occupied,Khan Electronics,Home & Hobby,Home,Non-essential,TRUE,Jackson,14,#N/A,
294,-73.89059018,40.74919453,Occupied,Amrita Fashion,Fashion,Fashion,Non-essential,TRUE,Jackson,13,#N/A,
295,-73.89042783,40.74899673,Occupied,Neighborhood 99 cents & Up,Markets/Pharmacies,Essentials,Essential,TRUE,Jackson,14,#N/A,
296,-73.8904895,40.7489912,Occupied,Elmhurst Famous Pizza,Food,Food,Non-essential,TRUE,Jackson,14,5,
297,-73.89024185,40.74901324,Occupied,Mail Box Mart,Services,Services,Essential,TRUE,Jackson,14,#N/A,
298,-73.8903424,40.7490059,Occupied,Samudra,Food,Food,Non-essential,TRUE,Jackson,14,6,
299,-73.89028351,40.7490108,Occupied,Dunkin' Donuts,Food,Food,Non-essential,FALSE,Jackson,14,7,
300,-73.89043131,40.74921203,Occupied,Food Dynasty,Markets/Pharmacies,Essentials,Essential,TRUE,Jackson,13,#N/A,
301,-73.89019182,40.74902181,Occupied,Navy Blue Hair & Nails,Body,Body,Non-essential,TRUE,Jackson,14,#N/A,
302,-73.89011563,40.74902936,Occupied,Tibetan Japanese Restaurant,Food,Food,Non-essential,TRUE,Jackson,14,8,
303,-73.89006688,40.74903334,Occupied,GNC,Markets/Pharmacies,Essentials,Essential,FALSE,Jackson,14,#N/A,
304,-73.89040273,40.74899828,Occupied,H&R Block,Services,Services,Essential,FALSE,Jackson,14,#N/A,
305,-73.89016627,40.74923769,Occupied,Shades Of Vision,Fashion,Fashion,Non-essential,TRUE,Jackson,13,#N/A,
306,-73.89035805,40.74921872,Occupied,Orchid Liquors Inc,Markets/Pharmacies,Essentials,Essential,TRUE,Jackson,13,#N/A,
307,-73.89006097,40.74925082,Occupied,Dime Bank,Services,Services,Essential,TRUE,Jackson,13,#N/A,
308,-73.89026176,40.7492298,Occupied,Habib Electronics & Furniture,Home & Hobby,Home,Non-essential,TRUE,Jackson,13,#N/A,
309,-73.8896876,40.74929049,Occupied,Bamboo House & Bar,Food,Food,Non-essential,TRUE,Jackson,12,5,
310,-73.88978988,40.74928326,Occupied,K & L Delicatessen,Food,Food,Non-essential,TRUE,Jackson,12,6,
311,-73.88955533,40.74931945,Occupied,Hawaii Driving School,Groups,Groups,Non-essential,TRUE,Jackson,12,#N/A,
312,-73.88955231,40.74930219,Occupied,37th Ave Photo Studio,Groups,Groups,Non-essential,TRUE,Jackson,12,#N/A,
314,-73.88932277,40.74932697,Occupied,Abetex Auto Insurance ,Misc,Misc,Non-essential,TRUE,Jackson,12,#N/A,
315,-73.88936901,40.74932325,Occupied,Isabel,Body,Body,Non-essential,TRUE,Jackson,12,#N/A,
316,-73.88942459,40.74931772,Occupied,Tide One Laundromat,Services,Services,Essential,TRUE,Jackson,12,#N/A,
317,-73.88932834,40.74935737,Occupied,Notary Public,Misc,Misc,Non-essential,TRUE,Jackson,12,#N/A,
318,-73.88932524,40.7493397,Occupied,Law Office Paul Maloney Attorney ,Misc,Misc,Non-essential,TRUE,Jackson,12,#N/A,
319,-73.8892444,40.74933564,Occupied,Super Pharmacy Unica,Markets/Pharmacies,Essentials,Essential,TRUE,Jackson,12,#N/A,
320,-73.889294,40.74932932,Occupied,Convenience Store Inc.,Markets/Pharmacies,Essentials,Non-essential,TRUE,Jackson,12,#N/A,
321,-73.88917507,40.7493421,Occupied,Due Fratelli,Food,Food,Non-essential,TRUE,Jackson,12,7,
322,-73.88919648,40.7493398,Occupied,Growing Farm,Markets/Pharmacies,Essentials,Essential,TRUE,Jackson,12,#N/A,
323,-73.88915596,40.74901581,Occupied,Jewish Center Of Jackson Heights,Groups,Groups,Non-essential,TRUE,Jackson,16,#N/A,
324,-73.88912687,40.74934728,Occupied,HSBC,Services,Services,Essential,FALSE,Jackson,12,#N/A,
326,-73.88884534,40.74938136,Occupied,Frank's Pharmacy,Markets/Pharmacies,Essentials,Essential,TRUE,Jackson,11,#N/A,
329,-73.8887035,40.74794485,Occupied,Chhaya CDC,Groups,Groups,Non-essential,TRUE,Jackson,8,#N/A,
337,-73.88980044,40.74755774,Occupied,Perfect Liberty Church,Groups,Groups,Non-essential,TRUE,Jackson,7,#N/A,
345,-73.8844754,40.74746505,Occupied,Manat Eyebrow Threading Inc.,Body,Body,Non-essential,TRUE,Jackson,14,#N/A,
346,-73.88442718,40.74746914,Occupied,"Ivanova Law Office, P.C.",Misc,Misc,Non-essential,TRUE,Jackson,14,#N/A,
347,-73.88456831,40.74742678,Occupied,8G-Brother's Barber Shop,Body,Body,Non-essential,TRUE,Jackson,14,#N/A,
348,-73.8845319,40.74745813,Occupied,5 De Mayo. Food Market,Markets/Pharmacies,Essentials,Essential,TRUE,Jackson,14,#N/A,
349,-73.88459975,40.74745147,Occupied,Josè Seafood,Food,Food,Non-essential,TRUE,Jackson,14,9,
350,-73.8845724,40.74745434,Occupied,UniónAndina,Misc,Misc,Non-essential,TRUE,Jackson,14,#N/A,
352,-73.88471389,40.74743915,Occupied,Amada Beauty Lounge,Body,Body,Non-essential,TRUE,Jackson,14,#N/A,
353,-73.88470251,40.74730622,Occupied,Accidentes Bader Yakaitis & Nonnenmacher LLP.,Misc,Misc,Non-essential,TRUE,Jackson,8,#N/A,
354,-73.88467747,40.74730931,Occupied,Giros Internet Cafe,Misc,Misc,Non-essential,TRUE,Jackson,8,#N/A,
355,-73.88469042,40.74723342,Occupied,World Air Transportation,Services,Services,Essential,TRUE,Jackson,8,#N/A,
356,-73.88469745,40.7472792,Occupied,Marco & Associates,Services,Services,Essential,TRUE,Jackson,8,#N/A,
357,-73.88491127,40.74720637,Occupied,Healthfirst ,Misc,Misc,Non-essential,TRUE,Jackson,5,#N/A,
358,-73.88454651,40.74720857,Occupied,Aero Express Travel Inc.,Misc,Misc,Non-essential,TRUE,Jackson,8,#N/A,
359,-73.88499454,40.74740807,Occupied,Goldcutz Barber Shop,Body,Body,Non-essential,TRUE,Jackson,9,#N/A,
360,-73.88492306,40.74727586,Occupied,Jet Peru,Services,Services,Essential,TRUE,Jackson,5,#N/A,
361,-73.88505912,40.74735371,Occupied,Massage Parlor,Body,Body,Non-essential,TRUE,Jackson,9,#N/A,
362,-73.88505591,40.7473287,Occupied,Reparacion De Computadoras,Services,Services,Non-essential,TRUE,Jackson,9,#N/A,
363,-73.88506424,40.74739982,Occupied,Ecuador Notaria,Misc,Misc,Non-essential,TRUE,Jackson,9,#N/A,
365,-73.88513407,40.74739314,Occupied,Touch Of Beauty Nails & Spa,Body,Body,Non-essential,TRUE,Jackson,9,#N/A,
366,-73.88510365,40.74739632,Occupied,Gulxar,Home & Hobby,Home,Essential,TRUE,Jackson,9,#N/A,
367,-73.88523863,40.74738264,Occupied,Ahorra Driving School,Groups,Groups,Non-essential,TRUE,Jackson,9,#N/A,
369,-73.88533598,40.74737234,Occupied,Lemir Beauty Salon,Body,Body,Non-essential,TRUE,Jackson,9,#N/A,
370,-73.88527777,40.74737846,Occupied,High-Line Electronics,Home & Hobby,Home,Non-essential,TRUE,Jackson,9,#N/A,
371,-73.88547214,40.7473586,Occupied,Fei Da Jackson Heights,Markets/Pharmacies,Essentials,Essential,TRUE,Jackson,9,#N/A,
372,-73.8854071,40.74736453,Occupied,"Austro Financial Services (NY), Inc.",Services,Services,Essential,TRUE,Jackson,9,#N/A,
373,-73.88554304,40.74735074,Occupied,El Canelazo Bar/Restaurant,Drinks,Drinks,Non-essential,TRUE,Jackson,9,10,
374,-73.88550685,40.74735474,Occupied,A. Simon & Assoc. Accounting Office - William Valasquez,Misc,Misc,Non-essential,TRUE,Jackson,9,#N/A,
375,-73.88562319,40.74734154,Occupied,E Smoke & Convenience,Markets/Pharmacies,Essentials,Essential,TRUE,Jackson,9,#N/A,
376,-73.88560069,40.74734474,Occupied,Monthly 4G ,Home & Hobby,Home,Essential,TRUE,Jackson,9,#N/A,
377,-73.88561408,40.74709831,Occupied,Liberia Barco de Papal,Home & Hobby,Home,Non-essential,TRUE,Jackson,8,#N/A,
378,-73.88562562,40.74717328,Occupied,Lukis Brokerage,Services,Services,Essential,TRUE,Jackson,5,#N/A,
379,-73.88582885,40.74706236,Occupied,"Andes Cargo, Corp. & Hector's Jewelry",Fashion,Fashion,Essential,TRUE,Jackson,8,#N/A,
381,-73.88584675,40.74715257,Occupied,Mita Travel,Misc,Misc,Non-essential,TRUE,Jackson,8,#N/A,
382,-73.88583325,40.74708711,Occupied,Gerry's Tailor Shop,Services,Services,Essential,TRUE,Jackson,8,#N/A,
383,-73.88589192,40.74731504,Occupied,Smoke Shop & Convenience,Markets/Pharmacies,Essentials,Essential,TRUE,Jackson,9,#N/A,
384,-73.88585919,40.74721875,Occupied,Portillo Realty Corp.,Misc,Misc,Essential,TRUE,Jackson,8,#N/A,
385,-73.88612633,40.74728892,Occupied,Casablanca Group,Home & Hobby,Home,Essential,TRUE,Jackson,9,#N/A,
386,-73.88605513,40.74729666,Occupied,Los Paisanos,Markets/Pharmacies,Essentials,Essential,TRUE,Jackson,9,#N/A,
387,-73.8865516,40.74724514,Occupied,La Optica,Fashion,Fashion,Non-essential,TRUE,Jackson,9,#N/A,
388,-73.88633165,40.74726828,Occupied,Casa De Cambio - Delgado Travel,Services,Services,Essential,TRUE,Jackson,9,#N/A,
389,-73.88655724,40.74710725,Occupied,Jorge Santamaria,Body,Body,Non-essential,TRUE,Jackson,7,#N/A,
390,-73.8865622,40.74713509,Occupied,Pu-Folkes Law Group,Groups,Groups,Non-essential,TRUE,Jackson,7,#N/A,
391,-73.88654076,40.7469995,Occupied,Castillo Barber Shop,Body,Body,Non-essential,TRUE,Jackson,7,#N/A,
392,-73.88655038,40.74707093,Occupied,Botanica El Hijo Del Monte,Home & Hobby,Home,Non-essential,TRUE,Jackson,7,#N/A,
393,-73.88701316,40.74719404,Occupied,Zoni Language Centers,Groups,Groups,Non-essential,TRUE,Jackson,14,#N/A,
394,-73.88684809,40.74721198,Occupied,Amigo Todo 99¢ O Mas,Markets/Pharmacies,Essentials,Essential,TRUE,Jackson,14,#N/A,
395,-73.88715081,40.74717915,Occupied,La Gran Via Bakery,Food,Food,Non-essential,TRUE,Jackson,14,10,
396,-73.88706275,40.74718938,Occupied,Riko Peruvian Cuisine,Food,Food,Non-essential,TRUE,Jackson,14,11,
397,-73.88731349,40.74716212,Occupied,7-Eleven,Markets/Pharmacies,Essentials,Essential,FALSE,Jackson,14,#N/A,
398,-73.8872365,40.74717113,Occupied,Star Furniture,Home & Hobby,Home,Non-essential,TRUE,Jackson,14,#N/A,
399,-73.88756223,40.74713654,Occupied,Famous Brands,Fashion,Fashion,Non-essential,FALSE,Jackson,14,#N/A,
400,-73.88738672,40.74715514,Occupied,NY Chevillotte,Drinks,Drinks,Non-essential,TRUE,Jackson,14,12,
402,-73.88806497,40.7470578,Occupied,99¢ & Up,Markets/Pharmacies,Essentials,Essential,TRUE,Jackson,15,#N/A,
407,-73.88850303,40.74680832,Occupied,Olympia Billiards,Entertainment,Entertainment,Non-essential,TRUE,Jackson,9,#N/A,
408,-73.88851126,40.74703444,Occupied,Studio L.A.,Body,Body,Non-essential,TRUE,Jackson,15,#N/A,
409,-73.89159771,40.74843701,Occupied,Dotnet,Services,Services,Essential,TRUE,Jackson,12,#N/A,
410,-73.89159878,40.74838061,Occupied,Silk Road Fashion,Fashion,Fashion,Non-essential,TRUE,Jackson,12,#N/A,
411,-73.89162079,40.74843383,Occupied,Abid Jewelers,Fashion,Fashion,Non-essential,TRUE,Jackson,12,#N/A,
412,-73.89181886,40.74826204,Occupied,Sultan Jewellers,Fashion,Fashion,Non-essential,TRUE,Jackson,11,#N/A,
413,-73.89162791,40.74847009,Occupied,Anarkali,Fashion,Fashion,Non-essential,TRUE,Jackson,12,#N/A,
414,-73.89162594,40.74845907,Occupied,Biba Boutique 74,Fashion,Fashion,Non-essential,TRUE,Jackson,12,#N/A,
415,-73.89163039,40.74848833,Occupied,Amba Jewelers,Fashion,Fashion,Non-essential,TRUE,Jackson,12,#N/A,
416,-73.89182728,40.74831526,Occupied,Piran,Fashion,Fashion,Non-essential,TRUE,Jackson,11,#N/A,
418,-73.89163472,40.74850743,Occupied,Virasat,Fashion,Fashion,Non-essential,TRUE,Jackson,12,#N/A,
419,-73.8916421,40.74854567,Occupied,Rokshana Boutique,Fashion,Fashion,Non-essential,TRUE,Jackson,12,#N/A,
420,-73.89184991,40.74836288,Occupied,Zahra,Fashion,Fashion,Non-essential,TRUE,Jackson,11,#N/A,
422,-73.89185747,40.7483985,Occupied,Shri Krishna Jewelers,Fashion,Fashion,Non-essential,TRUE,Jackson,11,#N/A,
423,-73.89165602,40.74860889,Occupied,Nandini Fashions,Fashion,Fashion,Non-essential,TRUE,Jackson,12,#N/A,
424,-73.89164959,40.74857767,Occupied,Lipi Fashion,Fashion,Fashion,Non-essential,TRUE,Jackson,12,#N/A,
425,-73.89163034,40.74864464,Occupied,Prime Time Travel & Tours,Misc,Misc,Non-essential,TRUE,Jackson,12,#N/A,
426,-73.89188053,40.74846685,Occupied,Sona Chaandi,Fashion,Fashion,Non-essential,TRUE,Jackson,11,#N/A,
427,-73.89160693,40.74864888,Occupied,Math Matters,Groups,Groups,Non-essential,TRUE,Jackson,12,#N/A,
428,-73.8918697,40.74852031,Occupied,Raj Jewels Of London,Fashion,Fashion,Non-essential,TRUE,Jackson,11,#N/A,
429,-73.89187967,40.74857824,Occupied,Sona Jewels Of London,Fashion,Fashion,Non-essential,TRUE,Jackson,11,#N/A,
430,-73.89166893,40.74867942,Occupied,India Sari Palace,Fashion,Fashion,Non-essential,TRUE,Jackson,12,#N/A,
431,-73.8916891,40.74879084,Occupied,Al- Naimat,Food,Food,Non-essential,TRUE,Jackson,12,8,
432,-73.89164657,40.74877016,Occupied,Khera Travel,Misc,Misc,Non-essential,TRUE,Jackson,12,#N/A,
433,-73.89168333,40.74876637,Occupied,Peak Time Travel & Tours,Misc,Misc,Non-essential,TRUE,Jackson,12,#N/A,
434,-73.8916685,40.74876851,Occupied,New Delhi Travel & Tours,Misc,Misc,Non-essential,TRUE,Jackson,12,#N/A,
435,-73.89168167,40.74874635,Occupied,Karan Jewelers,Fashion,Fashion,Non-essential,TRUE,Jackson,12,#N/A,
436,-73.8918856,40.74861788,Occupied,Lavanya,Fashion,Fashion,Non-essential,TRUE,Jackson,11,#N/A,
437,-73.89189622,40.74867753,Occupied,Affinity Health Plan,Misc,Misc,Non-essential,TRUE,Jackson,11,#N/A,
438,-73.8918918,40.74864979,Occupied,Kunal Jewelers,Fashion,Fashion,Non-essential,TRUE,Jackson,11,#N/A,
439,-73.89191812,40.7488114,Occupied,TD Bank,Services,Services,Essential,FALSE,Jackson,11,#N/A,
440,-73.89169564,40.74882106,Occupied,Luthra Jewelry,Fashion,Fashion,Non-essential,TRUE,Jackson,12,#N/A,
441,-73.89168953,40.74729003,Occupied,Jackson Heights Drugs Inc,Markets/Pharmacies,Essentials,Essential,TRUE,Jackson,9,#N/A,
442,-73.89169973,40.74884204,Occupied,Pizza Boy,Food,Food,Non-essential,TRUE,Jackson,12,9,
443,-73.89173317,40.74693269,Occupied,Tibet Mobile,Home & Hobby,Home,Essential,TRUE,Jackson,12,#N/A,
444,-73.89174423,40.74713927,Occupied,Halal Dumpling House,Food,Food,Non-essential,TRUE,Jackson,8,10,
445,-73.89031978,40.74666206,Occupied,Ria Money Transfer,Services,Services,Essential,TRUE,Jackson,8,#N/A,
446,-73.89033028,40.74672256,Occupied,Golden Touch Realty & Management,Misc,Misc,Essential,TRUE,Jackson,8,#N/A,
447,-73.88308584,40.7476092,Occupied,Jin Pin Market,Markets/Pharmacies,Essentials,Essential,TRUE,Jackson,7,#N/A,
448,-73.89031007,40.74660946,Occupied,Allstate ,Misc,Misc,Non-essential,FALSE,Jackson,8,#N/A,
449,-73.88324821,40.74759169,Occupied,Ginarte,Misc,Misc,Non-essential,TRUE,Jackson,13,#N/A,
450,-73.88317203,40.74759935,Occupied,California Sports Bar,Drinks,Drinks,Non-essential,TRUE,Jackson,13,8,
451,-73.88340677,40.74757488,Occupied,Tecolote Sports Bar,Drinks,Drinks,Non-essential,TRUE,Jackson,13,9,
452,-73.88332804,40.74758315,Occupied,Cato Verde Sport Bar,Drinks,Drinks,Non-essential,TRUE,Jackson,13,10,
453,-73.88348718,40.74756608,Occupied,China AAA,Food,Food,Non-essential,TRUE,Jackson,13,11,
454,-73.88345971,40.74756871,Occupied,New York Corporate Services Inc.,Services,Services,Essential,TRUE,Jackson,13,#N/A,
455,-73.88375062,40.74753877,Occupied,Variedades Colombia,Fashion,Fashion,Essential,TRUE,Jackson,13,#N/A,
456,-73.88356322,40.74755781,Occupied,Taekwondo Center,Fitness,Fitness,Non-essential,TRUE,Jackson,13,#N/A,
457,-73.88378196,40.74747989,Occupied,New United Mobile,Home & Hobby,Home,Essential,TRUE,Jackson,13,#N/A,
458,-73.88378691,40.74750448,Occupied,Kung Fu Tea,Food,Food,Non-essential,FALSE,Jackson,13,12,
459,-73.88377367,40.74742759,Occupied,Threading Place,Body,Body,Non-essential,TRUE,Jackson,13,#N/A,
460,-73.88377786,40.74745784,Occupied,Convenience Store,Markets/Pharmacies,Essentials,Essential,TRUE,Jackson,13,#N/A,
461,-73.88408881,40.74750465,Occupied,Botanica Caridad Del Conre,Home & Hobby,Home,Non-essential,TRUE,Jackson,14,#N/A,
462,-73.8837619,40.74736244,Occupied,"Borja Law Firm, P.C.",Misc,Misc,Non-essential,TRUE,Jackson,13,#N/A,
463,-73.88417,40.74749632,Occupied,La Abundancia Bakery & Restaurant,Food,Food,Non-essential,TRUE,Jackson,14,13,
464,-73.88411948,40.74750153,Occupied,Dunkin' Donuts,Food,Food,Non-essential,FALSE,Jackson,14,14,
465,-73.88421301,40.74749163,Occupied,Robert Barber Shop,Body,Body,Non-essential,TRUE,Jackson,14,#N/A,
466,-73.88420785,40.74746676,Occupied,Jackie Tatto & Piercing,Body,Body,Non-essential,TRUE,Jackson,14,#N/A,
467,-73.88428375,40.74745981,Occupied,Trans Ecuacarga Express,Services,Services,Essential,TRUE,Jackson,14,#N/A,
468,-73.88424982,40.7474872,Occupied,Optica Patiño Eye Care,Fashion,Fashion,Non-essential,TRUE,Jackson,14,#N/A,
469,-73.88431427,40.74748097,Occupied,La Casa De Pollo,Food,Food,Non-essential,TRUE,Jackson,14,15,
470,-73.88428452,40.74748458,Occupied,Yambao Record's,Home & Hobby,Home,Non-essential,TRUE,Jackson,14,#N/A,
471,-73.88438645,40.74747355,Occupied,Sal Y Pimienta Bar & Rest,Drinks,Drinks,Non-essential,TRUE,Jackson,14,16,
472,-73.88435364,40.74747695,Occupied,Colombia Si es Posible,Services,Services,Essential,TRUE,Jackson,14,#N/A,
473,-73.88535301,40.74759856,Occupied,Pico De Gallo,Food,Food,Non-essential,TRUE,Jackson,12,10,
474,-73.8852967,40.74760375,Occupied,Party Glitters,Home & Hobby,Home,Non-essential,TRUE,Jackson,12,#N/A,
475,-73.88547466,40.74758597,Occupied,Galaxy Income Tax,Services,Services,Essential,TRUE,Jackson,12,#N/A,
477,-73.88552189,40.74758119,Occupied,Superior Pharmacy,Markets/Pharmacies,Essentials,Essential,TRUE,Jackson,12,#N/A,
478,-73.88549601,40.74758412,Occupied,Law Offices Of Sanders L. Denis,Misc,Misc,Non-essential,TRUE,Jackson,12,#N/A,
479,-73.88593511,40.74753667,Occupied,Cositas Ricas,Food,Food,Non-essential,TRUE,Jackson,13,13,
480,-73.88558931,40.74757402,Occupied,Pecoshitas Cafe & Bakery,Food,Food,Non-essential,TRUE,Jackson,12,11,
481,-73.88601736,40.74752958,Occupied,Sebra Salon & Spa,Body,Body,Non-essential,TRUE,Jackson,13,#N/A,
482,-73.88566352,40.74756447,Occupied,Ilan Ilan,Fashion,Fashion,Non-essential,TRUE,Jackson,12,#N/A,
483,-73.88609938,40.74752011,Occupied,True Colors Bar,Drinks,Drinks,Non-essential,TRUE,Jackson,13,14,
484,-73.88624286,40.74750695,Occupied,Coatzingo Restaurante,Food,Food,Non-essential,TRUE,Jackson,13,15,
485,-73.88625972,40.74750477,Occupied,A. Garcia & Associates,Misc,Misc,Non-essential,TRUE,Jackson,13,#N/A,
486,-73.88616303,40.74751492,Occupied,Oficinas Legales De La Abogada María Barnett,Groups,Groups,Non-essential,TRUE,Jackson,13,#N/A,
487,-73.88630875,40.74749897,Occupied,Mister Cangrejo ,Food,Food,Non-essential,TRUE,Jackson,13,16,
488,-73.88628946,40.74750094,Occupied,Law Office Jesse Barab,Misc,Misc,Non-essential,TRUE,Jackson,13,#N/A,
489,-73.8864023,40.74749,Occupied,Super Star Dance Studio,Groups,Groups,Non-essential,TRUE,Jackson,13,#N/A,
490,-73.88637409,40.74749312,Occupied,Melao New York,Drinks,Drinks,Non-essential,TRUE,Jackson,13,17,
491,-73.88652488,40.74747648,Occupied,El Abuelo Gozon,Drinks,Drinks,Non-essential,TRUE,Jackson,13,18,
492,-73.88644098,40.74748601,Occupied,Atlas Travel Group,Misc,Misc,Non-essential,TRUE,Jackson,13,#N/A,
493,-73.88663282,40.74751472,Occupied,Sfeer Deli Corp.,Food,Food,Non-essential,TRUE,Jackson,9,11,
494,-73.88660824,40.74746754,Occupied,Los Chuzos,Food,Food,Non-essential,TRUE,Jackson,13,19,
495,-73.88687777,40.74759716,Occupied,Kitchen 79,Food,Food,Non-essential,TRUE,Jackson,6,2,
496,-73.88664423,40.74757728,Occupied,Amparo Beauty Salon Unisex,Body,Body,Non-essential,TRUE,Jackson,9,#N/A,
497,-73.88684938,40.74744177,Occupied,Costamar Travel,Misc,Misc,Non-essential,TRUE,Jackson,12,#N/A,
498,-73.88667076,40.74771998,Occupied,J & C Restaurant,Food,Food,Non-essential,TRUE,Jackson,9,12,
499,-73.88703687,40.74742311,Occupied,Million Minks Skin Care Center,Body,Body,Non-essential,TRUE,Jackson,12,#N/A,
500,-73.8869487,40.7474314,Occupied,Los Cafetales,Food,Food,Non-essential,TRUE,Jackson,12,12,
501,-73.88717613,40.74740787,Occupied,Friend's Tavern,Drinks,Drinks,Non-essential,TRUE,Jackson,12,13,
503,-73.88728317,40.74739635,Occupied,La Nueva Escuelita Bar Lounge,Drinks,Drinks,Non-essential,TRUE,Jackson,12,14,
504,-73.88719287,40.74740613,Occupied,Rosa's Beauty Salon,Body,Body,Non-essential,TRUE,Jackson,12,#N/A,
505,-73.88735337,40.74738975,Occupied,UNO Cafe & Billiards,Drinks,Drinks,Non-essential,TRUE,Jackson,12,15,
507,-73.88740695,40.74738453,Occupied,Liquor Store,Markets/Pharmacies,Essentials,Essential,TRUE,Jackson,12,#N/A,
508,-73.88737365,40.74738777,Occupied,Amor Karaoke & Bar,Drinks,Drinks,Non-essential,TRUE,Jackson,12,16,
509,-73.88759341,40.74759125,Occupied,Kelly' Beauty Salon & Spa Unisex,Body,Body,Non-essential,TRUE,Jackson,12,#N/A,
510,-73.88750327,40.74737409,Occupied,Village Moon ,Body,Body,Non-essential,TRUE,Jackson,12,#N/A,
511,-73.8882728,40.74746952,Occupied,Star Motors,Auto,Auto,Essential,TRUE,Jackson,16,#N/A,
513,-73.88858687,40.74725997,Occupied,Stanley's Home Furnishings,Home & Hobby,Home,Non-essential,TRUE,Jackson,10,#N/A,
514,-73.88844805,40.74727457,Occupied,News & Café,Markets/Pharmacies,Essentials,Essential,TRUE,Jackson,16,#N/A,
515,-73.88899197,40.74721807,Occupied,Metro by T-Mobile,Home & Hobby,Home,Essential,FALSE,Jackson,14,#N/A,
516,-73.88889539,40.74722866,Occupied,Club Evolution,Drinks,Drinks,Non-essential,TRUE,Jackson,14,17,
517,-73.8890518,40.74721125,Occupied,Crystal Fashion Nail Hair Salon,Body,Body,Non-essential,TRUE,Jackson,14,#N/A,
518,-73.88893344,40.74722338,Occupied,The Empanada Spot,Food,Food,Non-essential,TRUE,Jackson,14,18,
519,-73.88916759,40.74719831,Occupied,Gepeda Car Insurance ,Misc,Misc,Essential,TRUE,Jackson,14,#N/A,
520,-73.88909218,40.74720617,Occupied,Panaderia Coatzingo,Food,Food,Non-essential,TRUE,Jackson,14,19,
521,-73.88926695,40.74718638,Occupied,Rumba Salon Unisex,Body,Body,Non-essential,TRUE,Jackson,14,#N/A,
522,-73.88923347,40.74719006,Occupied,Romanticos,Drinks,Drinks,Non-essential,TRUE,Jackson,14,20,
523,-73.88930051,40.74718236,Occupied,Taqueria Coatzingo,Food,Food,Non-essential,TRUE,Jackson,14,21,
524,-73.88928369,40.74718412,Occupied,Pretty Woman,Body,Body,Non-essential,TRUE,Jackson,14,#N/A,
525,-73.88939488,40.74717308,Occupied,"Law Office Of H. Bruce Fischer, P.C. ",Misc,Misc,Non-essential,TRUE,Jackson,14,#N/A,
526,-73.88934597,40.74717768,Occupied,El California Bar ,Drinks,Drinks,Non-essential,TRUE,Jackson,14,22,
527,-73.88947609,40.74724799,Occupied,Maria Temilda Gonzalez PLLC ,Misc,Misc,Non-essential,TRUE,Jackson,8,#N/A,
528,-73.88947856,40.74716419,Occupied,New York Deli & Grocery,Food,Food,Non-essential,TRUE,Jackson,14,23,
529,-73.88951826,40.747361,Occupied,Laliguras Restaurant,Food,Food,Non-essential,TRUE,Jackson,8,11,
530,-73.88949601,40.74724586,Occupied,Law Offices - H. Bruce Fischer ,Misc,Misc,Non-essential,TRUE,Jackson,8,#N/A,
531,-73.88976883,40.74713506,Occupied,Ochoa Jewelry,Fashion,Fashion,Non-essential,TRUE,Jackson,13,#N/A,
532,-73.88968157,40.7471448,Occupied,Laly’s Restaurant ,Food,Food,Non-essential,TRUE,Jackson,4,1,
533,-73.88993299,40.74711629,Occupied,Aroma Brazil Restaurant,Food,Food,Non-essential,TRUE,Jackson,13,20,
534,-73.88983051,40.74712798,Occupied,Clio Beauty Supply,Fashion,Fashion,Non-essential,TRUE,Jackson,13,#N/A,
535,-73.88998535,40.74711008,Occupied,Spa Bellagio,Body,Body,Non-essential,TRUE,Jackson,13,#N/A,
536,-73.88989522,40.74712087,Occupied,Khampa Kitchen Inn,Food,Food,Non-essential,TRUE,Jackson,13,21,
537,-73.88851784,40.74688664,Occupied,Luna’s Kitchen & Bar,Food,Food,Non-essential,TRUE,Jackson,9,13,
539,-73.88876712,40.74701377,Occupied,PL$,Services,Services,Essential,TRUE,Jackson,13,#N/A,
540,-73.88853618,40.74698142,Occupied,Luna Health Spa,Body,Body,Non-essential,TRUE,Jackson,9,#N/A,
541,-73.88900274,40.74698949,Occupied,T-Mobile : Global Innovative Group LLC,Home & Hobby,Home,Non-essential,TRUE,Jackson,13,#N/A,
542,-73.88893406,40.74699651,Occupied,Lechon Hornado Ecuatoriano,Food,Food,Non-essential,TRUE,Jackson,13,22,
543,-73.88915862,40.74697196,Occupied,EZ Pawn Corp,Home & Hobby,Home,Non-essential,TRUE,Jackson,13,#N/A,
544,-73.8890672,40.74698401,Occupied,Advanced Rx Pharmacy,Markets/Pharmacies,Essentials,Essential,TRUE,Jackson,13,#N/A,
545,-73.88944583,40.7469431,Occupied,Los Arrieros,Food,Food,Non-essential,TRUE,Jackson,5,1,
546,-73.88929833,40.74695824,Occupied,MiraCali II - Panaderia Y Pasteleria,Food,Food,Non-essential,TRUE,Jackson,13,23,
547,-73.88964329,40.74671711,Occupied,Digiplus Printing Inc,Services,Services,Essential,TRUE,Jackson,7,#N/A,
548,-73.88937171,40.74669428,Occupied,Exotic Hair Salon,Body,Body,Non-essential,TRUE,Jackson,5,#N/A,
549,-73.8896239,40.746844,Occupied,Caroline Unisex Spa & Barber Shop,Body,Body,Non-essential,TRUE,Jackson,7,#N/A,
550,-73.88964872,40.74673905,Occupied,"Karmapa Service Society USA, Inc.",Groups,Groups,Non-essential,TRUE,Jackson,7,#N/A,
551,-73.88979991,40.74690364,Occupied,Scorpion Bar,Drinks,Drinks,Non-essential,TRUE,Jackson,15,1,
552,-73.88965228,40.74691826,Occupied,Sarder News Stand Inc.,Markets/Pharmacies,Essentials,Essential,TRUE,Jackson,7,#N/A,
553,-73.88989936,40.74689218,Occupied,Long Island Janitor Supply,Home & Hobby,Home,Essential,TRUE,Jackson,15,#N/A,
554,-73.88975896,40.74690755,Occupied,Cafe 75 Bar,Drinks,Drinks,Non-essential,TRUE,Jackson,15,2,
555,-73.88997538,40.74684545,Occupied,Consumer Coverage Corp. - Bob Shapiro - Auto Insurance,Misc,Misc,Non-essential,TRUE,Jackson,15,#N/A,
556,-73.88994122,40.74688696,Occupied,Playa Realty Inc.,Misc,Misc,Essential,TRUE,Jackson,15,#N/A,
557,-73.88998007,40.74687211,Occupied,Agencia De Empleo,Misc,Misc,Non-essential,TRUE,Jackson,15,#N/A,
558,-73.88997866,40.74685951,Occupied,Fortune Tellers,Home & Hobby,Home,Non-essential,TRUE,Jackson,15,#N/A,
559,-73.8900251,40.74687794,Occupied,75 Laundry,Services,Services,Essential,TRUE,Jackson,15,#N/A,
560,-73.88998138,40.74688395,Occupied,Traducciones Notario Publico,Misc,Misc,Non-essential,TRUE,Jackson,15,#N/A,
561,-73.89008988,40.74687172,Occupied,Femina Threading & Waxing Salon,Body,Body,Non-essential,TRUE,Jackson,15,#N/A,
562,-73.89005709,40.74687553,Occupied,Roosevelt Candy Grocery,Markets/Pharmacies,Essentials,Non-essential,TRUE,Jackson,15,#N/A,
563,-73.88321094,40.74782436,Occupied,Arcia & Associates ,Misc,Misc,Non-essential,TRUE,Jackson,14,#N/A,
564,-73.88316604,40.74782886,Occupied,T-Mobile,Home & Hobby,Home,Essential,FALSE,Jackson,14,#N/A,
566,-73.88323562,40.74782221,Occupied,Robert,Fashion,Fashion,Non-essential,TRUE,Jackson,14,#N/A,
567,-73.88337563,40.74780705,Occupied,Point For Ladies,Fashion,Fashion,Non-essential,TRUE,Jackson,14,#N/A,
568,-73.88330363,40.74781389,Occupied,Glory Shoes,Fashion,Fashion,Non-essential,TRUE,Jackson,14,#N/A,
569,-73.88349923,40.74779393,Occupied,Progreso Tax,Services,Services,Essential,TRUE,Jackson,14,#N/A,
570,-73.8834567,40.74779853,Occupied,Los Tres Potrillos,Food,Food,Non-essential,TRUE,Jackson,14,24,
571,-73.89017053,40.74686291,Occupied,Y.L. Variety & Gifts,Fashion,Fashion,Non-essential,TRUE,Jackson,15,#N/A,
572,-73.88352089,40.74779138,Occupied,A & K Sports,Fashion,Fashion,Non-essential,TRUE,Jackson,14,#N/A,
573,-73.88367191,40.74778745,Occupied,New York Driving School,Groups,Groups,Non-essential,TRUE,Jackson,14,#N/A,
574,-73.88359571,40.74778403,Occupied,A & O Jewelry,Fashion,Fashion,Non-essential,TRUE,Jackson,14,#N/A,
575,-73.8836621,40.74777665,Occupied,Sprint,Home & Hobby,Home,Essential,TRUE,Jackson,14,#N/A,
576,-73.89025012,40.74685521,Occupied,Spicy Tibet,Food,Food,Non-essential,TRUE,Jackson,15,3,
577,-73.89034155,40.74684428,Occupied,La Abundancia,Food,Food,Non-essential,TRUE,Jackson,8,12,
578,-73.88371014,40.74777263,Occupied,Peliqueria Roxana,Body,Body,Non-essential,TRUE,Jackson,14,#N/A,
579,-73.88381631,40.74776075,Occupied,Sagitario Bakery,Food,Food,Non-essential,TRUE,Jackson,14,25,
581,-73.89145821,40.74641647,Occupied,Thái Són,Food,Food,Non-essential,TRUE,Jackson,9,14,
583,-73.89147249,40.74650555,Occupied,Chung Ki Wa Restaurant,Food,Food,Non-essential,TRUE,Jackson,9,15,
584,-73.89146663,40.74647515,Occupied,Music Box,Drinks,Drinks,Non-essential,TRUE,Jackson,9,16,
585,-73.89154936,40.74660528,Occupied,Broadway Wine & Liquor,Markets/Pharmacies,Essentials,Essential,TRUE,Jackson,9,#N/A,
586,-73.89149612,40.7465817,Occupied,Pronto Smoke Shop & Food Mart,Markets/Pharmacies,Essentials,Non-essential,TRUE,Jackson,9,#N/A,
587,-73.88406531,40.74773905,Occupied,Portabella Menswear,Fashion,Fashion,Non-essential,TRUE,Jackson,17,#N/A,
588,-73.89172422,40.74667851,Occupied,ETeam Wireless,Home & Hobby,Home,Essential,TRUE,Jackson,9,#N/A,
589,-73.88438751,40.74770047,Occupied,Envy Nails,Body,Body,Non-essential,TRUE,Jackson,17,#N/A,
591,-73.88443849,40.74769518,Occupied,Hairos Night Club,Drinks,Drinks,Non-essential,TRUE,Jackson,17,1,
592,-73.88442149,40.74769727,Occupied,Kundalinink ,Body,Body,Non-essential,TRUE,Jackson,17,#N/A,
594,-73.88452052,40.7476853,Occupied,Carvel,Food,Food,Non-essential,FALSE,Jackson,17,2,
595,-73.88458904,40.74767861,Occupied,Shoecase,Fashion,Fashion,Non-essential,TRUE,Jackson,17,#N/A,
596,-73.88456242,40.74768127,Occupied,Aldo Cotrina Income Tax,Services,Services,Essential,TRUE,Jackson,17,#N/A,
597,-73.88471613,40.74766455,Occupied,Pollo A La Brasa Mario,Food,Food,Non-essential,TRUE,Jackson,17,3,
598,-73.88466205,40.74766942,Occupied,El Nuevo Café España ,Drinks,Drinks,Non-essential,TRUE,Jackson,17,4,
599,-73.88519687,40.74761508,Occupied,Roosevelt Variety Beauty Supply Inc.,Fashion,Fashion,Non-essential,TRUE,Jackson,12,#N/A,
600,-73.88500976,40.74763379,Occupied,Citibank,Services,Services,Essential,FALSE,Jackson,12,#N/A,
601,-73.91650033,40.81593846,Occupied,Jewish Child Care Associates,Groups,Groups,Non-essential,TRUE,Hub,11,#N/A,
602,-73.91384526,40.81832552,Occupied,Visiting Nurse Service of New York,Misc,Misc,Non-essential,TRUE,Hub,7,#N/A,
603,-73.91655959,40.81476758,Occupied,"New York Child Resource Center, Inc.",Groups,Groups,Non-essential,TRUE,Hub,10,#N/A,
604,-73.91705846,40.81497937,Occupied,421-423 Parking Lot,Services,Services,Essential,TRUE,Hub,10,#N/A,
606,-73.91638095,40.81470844,Occupied,Public Prep,Groups,Groups,Non-essential,TRUE,Hub,10,#N/A,
607,-73.92201993,40.81650545,Occupied,MMP Parking LLC,Services,Services,Essential,TRUE,Hub,8,#N/A,
609,-73.91808503,40.81597161,Occupied,Wesam Newsstand ,Markets/Pharmacies,Essentials,Essential,TRUE,Hub,15,#N/A,
610,-73.9215593,40.81638626,Occupied,Marci Parking Lot LLC,Services,Services,Essential,TRUE,Hub,8,#N/A,
611,-73.9152596,40.81848061,Occupied,Amazon Furniture,Home & Hobby,Home,Non-essential,TRUE,Hub,4,#N/A,
612,-73.91496952,40.81790949,Occupied,Burlington Coat Factory,Fashion,Fashion,Non-essential,FALSE,Hub,6,#N/A,
613,-73.91492315,40.81855013,Occupied,A&Z Electronics,Home & Hobby,Home,Non-essential,TRUE,Hub,9,#N/A,
614,-73.91511784,40.81859187,Occupied,El Chicanito,Food,Food,Non-essential,TRUE,Hub,9,1,
615,-73.9148529,40.81868038,Occupied,Kelly’s Tattoos,Body,Body,Non-essential,TRUE,Hub,9,#N/A,
616,-73.91487009,40.81864189,Occupied,Darusalam Halal Food & Meat Market,Markets/Pharmacies,Essentials,Essential,TRUE,Hub,9,#N/A,
617,-73.91482191,40.81874945,Occupied,"Darou Salam Islamic Community, Inc.",Groups,Groups,Non-essential,TRUE,Hub,9,#N/A,
618,-73.91484042,40.81870918,Occupied,Togo Hair Braiding & Barber Shop,Body,Body,Non-essential,TRUE,Hub,9,#N/A,
619,-73.91481827,40.81889065,Occupied,Umbrella Hotel,Lodging,Lodging,Essential,TRUE,Hub,9,#N/A,
620,-73.91480774,40.81878132,Occupied,Emascotec Enterprise,Home & Hobby,Home,Essential,TRUE,Hub,9,#N/A,
621,-73.9140989,40.8198971,Occupied,Cedra Healthcare LLC,Markets/Pharmacies,Essentials,Essential,TRUE,Hub,7,#N/A,
622,-73.91470136,40.81902273,Occupied,South Bronx Community Church,Groups,Groups,Non-essential,TRUE,Hub,9,#N/A,
623,-73.91349634,40.8203421,Occupied,South Bronx Press,Services,Services,Essential,TRUE,Hub,8,#N/A,
624,-73.91378905,40.82048683,Occupied,Greater Eternal Baptist Church,Groups,Groups,Non-essential,TRUE,Hub,4,#N/A,
625,-73.91273437,40.82010497,Occupied,Ingenbert Barber Shop,Body,Body,Non-essential,TRUE,Hub,12,#N/A,
627,-73.91661712,40.81810979,Occupied,Catholic Charities Community Services,Groups,Groups,Non-essential,TRUE,Hub,10,#N/A,
628,-73.91261297,40.8205582,Occupied,Rali Cleaners,Services,Services,Essential,TRUE,Hub,9,#N/A,
629,-73.9157615,40.81543585,Occupied,Dunkin' Donuts,Food,Food,Non-essential,FALSE,Hub,14,1,
630,-73.91691708,40.81737668,Occupied,J&J 99¢ & Up,Markets/Pharmacies,Essentials,Essential,TRUE,Hub,5,#N/A,
631,-73.91917178,40.81506695,Occupied,Willis Avenue Seventh Day Adventist,Groups,Groups,Non-essential,TRUE,Hub,17,#N/A,
633,-73.91970916,40.81593547,Occupied,SCO Family of Services,Groups,Groups,Non-essential,TRUE,Hub,6,#N/A,
634,-73.91908679,40.81573865,Occupied,The Children's Aid Society,Groups,Groups,Non-essential,TRUE,Hub,12,#N/A,
636,-73.91976506,40.81633572,Occupied,"Holy Ghost Missionary Temple, Inc.",Groups,Groups,Non-essential,TRUE,Hub,9,#N/A,
637,-73.91845403,40.81613198,Occupied,Persona Eyebrows,Body,Body,Non-essential,TRUE,Hub,10,#N/A,
638,-73.91892288,40.81625268,Occupied,Harlem RBI,Fitness,Fitness,Non-essential,TRUE,Hub,10,#N/A,
640,-73.91841788,40.8161221,Occupied,Capy,Food,Food,Non-essential,TRUE,Hub,10,1,
641,-73.9178219,40.8163181,Occupied,Salma Eyebrow Threading Salon,Body,Body,Non-essential,TRUE,Hub,13,#N/A,
643,-73.92053526,40.81696051,Occupied,Fraiden & Palen Law Offices ,Misc,Misc,Non-essential,TRUE,Hub,9,#N/A,
645,-73.91814869,40.81593441,Occupied,Cross Way Driving School,Groups,Groups,Non-essential,TRUE,Hub,15,#N/A,
646,-73.91851794,40.81573662,Occupied,The Mall @ 148th Street ,Misc,Misc,Non-essential,TRUE,Hub,15,#N/A,
647,-73.91532544,40.81793255,Occupied,Palace Gates Furniture,Home & Hobby,Home,Non-essential,TRUE,Hub,6,#N/A,
648,-73.91734916,40.81636913,Occupied,Auntie Anne's,Food,Food,Non-essential,FALSE,Hub,9,2,
649,-73.91469294,40.81848156,Occupied,Furniture City Super Store,Home & Hobby,Home,Non-essential,TRUE,Hub,8,#N/A,
650,-73.91498855,40.8183711,Occupied,Mattress World,Home & Hobby,Home,Non-essential,TRUE,Hub,13,#N/A,
651,-73.91347567,40.8194122,Occupied,Aldi,Markets/Pharmacies,Essentials,Essential,FALSE,Hub,9,#N/A,
654,-73.91621258,40.81684775,Occupied,Foot Locker,Fashion,Fashion,Non-essential,FALSE,Hub,10,#N/A,
657,-73.91731439,40.81530658,Occupied,"Bronx Parking Lot, LLC.",Services,Services,Essential,TRUE,Hub,9,#N/A,
661,-73.91799776,40.81516984,Occupied,Fernandez Liquors,Markets/Pharmacies,Essentials,Essential,TRUE,Hub,11,#N/A,
662,-73.91797749,40.81493522,Occupied,Dollar Deals,Markets/Pharmacies,Essentials,Essential,TRUE,Hub,7,#N/A,
663,-73.91822576,40.81479339,Occupied,Azteca 3 Unisex,Body,Body,Non-essential,TRUE,Hub,7,#N/A,
664,-73.91811927,40.81485567,Occupied,Sheltering Arms,Groups,Groups,Non-essential,TRUE,Hub,7,#N/A,
666,-73.89009015,40.74709843,Occupied,Delgado Travel,Misc,Misc,Essential,FALSE,Jackson,13,#N/A,
667,-73.89065921,40.74703226,Occupied,Convenience Store,Markets/Pharmacies,Essentials,Essential,TRUE,Jackson,12,#N/A,
668,-73.89032641,40.74707264,Occupied,Chase Bank,Services,Services,Essential,FALSE,Jackson,13,#N/A,
669,-73.89073851,40.74702406,Occupied,Friends Corner Cafe,Food,Food,Non-essential,TRUE,Jackson,12,17,
670,-73.89069251,40.74702863,Occupied,Roosevelt Pharmacy & Surgicals,Markets/Pharmacies,Essentials,Essential,TRUE,Jackson,12,#N/A,
671,-73.89087055,40.74700843,Occupied,AT&T,Home & Hobby,Home,Essential,TRUE,Jackson,12,#N/A,
672,-73.89077654,40.7470198,Occupied,Food Junction,Food,Food,Non-essential,TRUE,Jackson,12,18,
673,-73.89133763,40.74695733,Occupied,Eyebrows Place,Fashion,Fashion,Non-essential,TRUE,Jackson,12,#N/A,
674,-73.89091441,40.74700449,Occupied,Dunkin' Donuts,Food,Food,Non-essential,FALSE,Jackson,12,19,
675,-73.89135446,40.74704635,Occupied,SAE,Markets/Pharmacies,Essentials,Essential,TRUE,Jackson,11,#N/A,
676,-73.89135006,40.74702398,Occupied,AAA Safest Driving School,Groups,Groups,Non-essential,TRUE,Jackson,11,#N/A,
677,-73.89137504,40.74714781,Occupied,ABC Wireless NYC,Home & Hobby,Home,Essential,TRUE,Jackson,11,#N/A,
678,-73.89136784,40.74711061,Occupied,Merit Kabob Dumping Palace,Food,Food,Non-essential,TRUE,Jackson,11,8,
679,-73.89158818,40.74707507,Occupied,Al-Tawakkul,Markets/Pharmacies,Essentials,Essential,TRUE,Jackson,9,#N/A,
680,-73.89160018,40.747141,Occupied,Delhi Heights,Food,Food,Non-essential,TRUE,Jackson,8,13,
681,-73.89156006,40.74693538,Occupied,Four Seasons Fashion Uniforms,Fashion,Fashion,Non-essential,TRUE,Jackson,5,#N/A,
682,-73.89157538,40.74700461,Occupied,Candy & Grocery,Markets/Pharmacies,Essentials,Essential,TRUE,Jackson,9,#N/A,
683,-73.88507305,40.74936222,Occupied,Jac’s Driving School,Groups,Groups,Non-essential,TRUE,Jackson,9,#N/A,
684,-73.89158379,40.7486522,Occupied,The Weekly Ajkal,Misc,Misc,Non-essential,TRUE,Jackson,12,#N/A,
685,-73.88557315,40.74950971,Occupied,La Boina Roja Meat,Markets/Pharmacies,Essentials,Essential,TRUE,Jackson,9,#N/A,
686,-73.88401901,40.74749663,Occupied,La Gata Golida Bakery,Food,Food,Non-essential,TRUE,Jackson,7,6,
687,-73.89156753,40.74826935,Occupied,Bedi Jewelers,Fashion,Fashion,Non-essential,TRUE,Jackson,12,#N/A,
688,-73.88872819,40.74830411,Occupied,Kakatua Agency,Services,Services,Essential,TRUE,Jackson,11,#N/A,
690,-73.88563867,40.74724925,Occupied,La Esquina del Camarón Mexicana,Food,Food,Non-essential,TRUE,Jackson,5,2,
691,-73.88361012,40.74778302,Occupied,BiBi's Hair & Nail Salon,Body,Body,Non-essential,TRUE,Jackson,14,#N/A,
692,-73.8898415,40.74689826,Occupied,Abogados Ross & Asmar,Misc,Misc,Non-essential,TRUE,Jackson,15,#N/A,
693,-73.92164631,40.81724573,Occupied,Inks About It... Studios,Body,Body,Non-essential,TRUE,Hub,9,#N/A,
694,-73.89091859,40.74702503,Occupied,Baskin-Robbins,Food,Food,Non-essential,FALSE,Jackson,12,20,
695,-73.92109249,40.81675676,Occupied,Effort Tax Service,Services,Services,Essential,TRUE,Hub,9,#N/A,
697,-73.91422642,40.81857916,Occupied,La Rubia Furniture,Home & Hobby,Home,Non-essential,TRUE,Hub,11,#N/A,
698,-73.91419006,40.81861691,Occupied,Wholesale Clothing Store,Misc,Misc,Non-essential,TRUE,Hub,11,#N/A,
701,-73.91614826,40.81527097,Occupied,Bronx Connect ,Groups,Groups,Non-essential,TRUE,Hub,15,#N/A,
703,-73.91510056,40.81776717,Occupied,Nail Glam Studio,Body,Body,Non-essential,TRUE,Hub,6,#N/A,
704,-73.92006277,40.81650176,Occupied,EMC Pregnancy Center,Groups,Groups,Non-essential,TRUE,Hub,9,#N/A,
705,-73.91383312,40.81971235,Occupied,Bryan Sarita Barber Shop ,Body,Body,Non-essential,TRUE,Hub,9,#N/A,
708,-73.91792832,40.81628783,Occupied,BB Juice Bar,Food,Food,Non-essential,TRUE,Hub,12,1,
709,-73.92246488,40.81769935,Occupied,"Royal Care, Today",Misc,Misc,Non-essential,TRUE,Hub,10,#N/A,
710,-73.92244,40.81769277,Occupied,Emerest ,Misc,Misc,Non-essential,TRUE,Hub,10,#N/A,
715,-73.9157552,40.81510465,Occupied,Nana’s ABC Group Family Daycare,Services,Services,Non-essential,TRUE,Hub,15,#N/A,
719,-73.91984929,40.81615626,Occupied,Cardinal McCloskey Community Services,Groups,Groups,Non-essential,TRUE,Hub,9,#N/A,
721,-73.9196334,40.81724597,Occupied,Pacheco Auto Services,Auto,Auto,Essential,TRUE,Hub,9,#N/A,
722,-73.91980604,40.81625276,Occupied,U Drive Park Lot Corp.,Services,Services,Essential,TRUE,Hub,9,#N/A,
725,-73.91708409,40.81651699,Occupied,Fatima Hair Braiding & Extensions,Body,Body,Non-essential,TRUE,Hub,9,#N/A,
726,-73.92180466,40.81780873,Occupied,"Guardsman Elevator Co., Inc.",Misc,Misc,Non-essential,TRUE,Hub,9,#N/A,
727,-73.91311495,40.81873687,Occupied,MP Hub Parking LLC ,Services,Services,Essential,FALSE,Hub,11,#N/A,
728,-73.91449681,40.81900695,Occupied,Darou Salam I.C.,Groups,Groups,Non-essential,TRUE,Hub,12,#N/A,
729,-73.91623983,40.8168242,Occupied,House Of Hoops,Fashion,Fashion,Non-essential,FALSE,Hub,10,#N/A,
730,-73.91653164,40.81691416,Occupied,Pretty Girl,Fashion,Fashion,Non-essential,TRUE,Hub,9,#N/A,
732,-73.91647722,40.81695767,Occupied,O Fresh,Fashion,Fashion,Non-essential,TRUE,Hub,9,#N/A,
734,-73.91645519,40.81697571,Occupied,Boost Mobile,Home & Hobby,Home,Essential,TRUE,Hub,9,#N/A,
735,-73.91641588,40.81700993,Occupied,Kids Foot Locker,Fashion,Fashion,Non-essential,FALSE,Hub,9,#N/A,
736,-73.91594815,40.81707295,Occupied,London Boy,Fashion,Fashion,Non-essential,TRUE,Hub,10,#N/A,
737,-73.91588476,40.81712707,Occupied,Jimmy Jazz,Fashion,Fashion,Non-essential,FALSE,Hub,10,#N/A,
738,-73.91632576,40.81709011,Occupied,Ashley Stewart,Fashion,Fashion,Non-essential,FALSE,Hub,9,#N/A,
739,-73.91582648,40.81717749,Occupied,Kids Foot Locker,Fashion,Fashion,Non-essential,FALSE,Hub,10,#N/A,
740,-73.91626934,40.81713852,Occupied,Metro by T-Mobile,Home & Hobby,Home,Non-essential,FALSE,Hub,9,#N/A,
741,-73.91573615,40.81725489,Occupied,Planet Fitness,Fitness,Fitness,Non-essential,FALSE,Hub,10,#N/A,
742,-73.91577851,40.81721923,Occupied,Dr. Jays Ladies,Fashion,Fashion,Non-essential,FALSE,Hub,10,#N/A,
743,-73.91570047,40.81728402,Occupied,S&A Super Store,Markets/Pharmacies,Essentials,Essential,TRUE,Hub,10,#N/A,
744,-73.9160489,40.81732624,Occupied,Elevated By O Fresh,Fashion,Fashion,Non-essential,TRUE,Hub,9,#N/A,
745,-73.91567679,40.81730798,Occupied,Xtreme Wireless,Home & Hobby,Home,Essential,TRUE,Hub,10,#N/A,
746,-73.91599394,40.8173733,Occupied,Carter's,Fashion,Fashion,Non-essential,FALSE,Hub,11,#N/A,
747,-73.91585817,40.81748349,Occupied,Snipes,Fashion,Fashion,Non-essential,TRUE,Hub,15,#N/A,
748,-73.9158892,40.8174596,Occupied,Elite Nails & Spa,Body,Body,Non-essential,TRUE,Hub,15,#N/A,
749,-73.9158156,40.81752241,Occupied,Xios,Fashion,Fashion,Non-essential,TRUE,Hub,15,#N/A,
750,-73.91566615,40.81731719,Occupied,"Caring Professionals, Inc.",Misc,Misc,Non-essential,TRUE,Hub,10,#N/A,
751,-73.91571508,40.81760739,Occupied,Modell's Sporting Goods,Home & Hobby,Home,Non-essential,FALSE,Hub,15,#N/A,
752,-73.91561153,40.81736356,Occupied,The Children's Place,Fashion,Fashion,Non-essential,FALSE,Hub,10,#N/A,
753,-73.91558938,40.81770886,Occupied,See & See Discount Store,Markets/Pharmacies,Essentials,Essential,TRUE,Hub,15,#N/A,
754,-73.91551839,40.81743437,Occupied,Young Land,Fashion,Fashion,Non-essential,TRUE,Hub,10,#N/A,
755,-73.91543016,40.81496001,Occupied,149 Liquor Store Corp.,Markets/Pharmacies,Essentials,Essential,TRUE,Hub,15,#N/A,
756,-73.91555911,40.81773615,Occupied,Fabulous Beauty Supplies,Fashion,Fashion,Non-essential,TRUE,Hub,15,#N/A,
757,-73.91540719,40.81494953,Occupied,Boost Mobile,Home & Hobby,Home,Essential,TRUE,Hub,15,#N/A,
759,-73.91551576,40.81500007,Occupied,Star USA Furniture,Home & Hobby,Home,Non-essential,TRUE,Hub,15,#N/A,
760,-73.91548017,40.81779778,Occupied,Iglesia Cristiana Manantial de Vida,Groups,Groups,Non-essential,TRUE,Hub,15,#N/A,
761,-73.91512181,40.81778028,Occupied,Shenin Eyebrow Threading,Body,Body,Non-essential,TRUE,Hub,6,#N/A,
